epoch,train_acc,train_precision,train_recall,train_f1,train_iou,train_auroc,train_auprc,train_image_best_f1,train_image_best_threshold,val_acc,val_precision,val_recall,val_f1,val_iou,val_auroc,val_auprc,val_image_best_f1,val_image_best_threshold,lr
1,0.7384024008375699,0.15044199644786413,0.9475104935833665,0.16657186241545638,0.13155539538405958,0.7727893365197943,0.5744540405134085,0.6666434142460167,0.9910990703301351,0.7722172372870975,0.22340252581569883,0.9562615387969546,0.2423857475320498,0.20766401208109325,0.04166666737891714,0.051454174647346904,0.051440299573250824,0.5277619063854218,0.0003
2,0.8370713484091837,0.238589381096793,0.9301958142733965,0.24256659140352343,0.2065733974097205,0.7904458232846329,0.584551346206931,0.6647486823015993,0.9991174682241971,0.9369092252519395,0.5593970749113295,0.8682765513658524,0.5058044013049867,0.476289591855473,0.04148860509350542,0.05094364768671298,0.05252522292012486,0.4722222222222222,0.0003
3,0.8815436138481391,0.26527374665268133,0.9245733472167469,0.26729302279284745,0.2311835576032029,0.8082511256565614,0.5789218227175329,0.680067500642052,0.994719967490337,0.8534733255704244,0.2438370312253634,0.9426600899961259,0.25523658841848373,0.22092565149068832,0.039886040963547066,0.050650096524832,0.051440299573250824,0.5277761353386773,0.0003
4,0.9277693658578591,0.3666650235164361,0.9147395872678913,0.3615476696706209,0.32622185996809944,0.8728061736728946,0.7049663216925637,0.7605474000300098,0.9921723819169842,0.9700092209710015,0.7022777928246392,0.8608544634448158,0.6478844632705053,0.6194241477383507,0.04273504215976334,0.05535522383727802,0.05446620103380466,0.4722222222222222,0.0003
5,0.9545582220202586,0.5322018685888071,0.8960875614744718,0.5076208319820341,0.4736281276726332,0.8914564901046218,0.7764454609208079,0.8057199607400781,0.9725989064232248,0.938702235619227,0.48809616102112663,0.9235628048578898,0.4847181720866097,0.45103363858328926,0.05377492753762154,0.055159464769507324,0.053418773586470805,0.5248472922378116,0.0003
6,0.9637919723010454,0.6307015917340263,0.8837071911233371,0.5935647072362118,0.5605234181294676,0.902775971096684,0.7796432120074495,0.8065205563521338,0.9503918045856914,0.9752046267191569,0.898575978146659,0.7952110568682352,0.7603654762109121,0.7406350721915563,0.03739316202333992,0.053952980921082395,0.0498083999207445,0.4722222222222222,0.0003
7,0.968473702180581,0.6856242203321613,0.866939082497456,0.6328042779789597,0.6020079587326675,0.8946313865234308,0.8128461558330292,0.8175472302119995,0.9160725093278729,0.9542784525288476,0.5674425876802869,0.9126446810033586,0.5546414885256026,0.5220983624458313,0.052706551510336846,0.054990523963629814,0.05333330346668117,0.5277521742714776,0.0003
8,0.9686656965584052,0.692863007060817,0.8664997522948218,0.6389969504270397,0.6072910491560326,0.8932416351303354,0.7938876346900794,0.8133069212026364,0.9651980654138034,0.8431130217181312,0.24188447992006937,0.9594976206620535,0.2625459101465013,0.22770682473977408,0.04914529867959671,0.054030764461439756,0.05252522292012486,0.527555505434672,0.0003
9,0.9689088854633394,0.7023973758103418,0.8634281989003791,0.6460291440369653,0.6145548805838725,0.8985622890130449,0.8062173617663332,0.8127752861084899,0.9622474039187197,0.9207852648364173,0.34143303169144523,0.9285832610395219,0.34289459387461346,0.30889005959033966,0.05306267661534822,0.055046528926849414,0.05333330346668117,0.5277647806538476,0.0003
10,0.9694655723259097,0.7107852433548599,0.8566255843053099,0.645321141500942,0.6158496703280777,0.8894681809923447,0.8103606460727588,0.8051811346485601,0.9319408330761019,0.9755596584743924,0.8949451347192129,0.8149753676520454,0.7718736694918739,0.7525001557336913,0.049145298323471434,0.05435362002719338,0.0498083999207445,0.4722222222222222,0.0003
11,0.9709556640171614,0.7247082806024395,0.862178343241332,0.6633480679793436,0.632780416578543,0.8948982908386921,0.8298304947422156,0.8250689522831278,0.9623010295336364,0.9761874145931668,0.8507444163163503,0.8315975036886003,0.7473993880881203,0.7250009874502817,0.04932336096500843,0.05431112623574754,0.0498083999207445,0.4722222222222222,0.0003
12,0.9723536362413501,0.739068299043374,0.8531907757774728,0.6684025345278568,0.638598485071151,0.8782403411413383,0.8046214486926708,0.8107649563727162,0.9428490410085584,0.9760830303033193,0.8605166739887662,0.8309224711524116,0.7637053181727728,0.7378733025656806,0.04914529850153407,0.05456845573815716,0.050925896219150814,0.5135380559497409,0.0003
13,0.9728364719719184,0.7537140650827376,0.8545962572097778,0.6825677723181053,0.653006335750955,0.8892835880062153,0.8174132908263002,0.8074922358118299,0.8877738509021822,0.9765394528706869,0.9184238546424441,0.804287357462777,0.7772658906049199,0.7599806081917551,0.04309116762089999,0.05292387922229806,0.0498083999207445,0.4722222222222222,0.0003
14,0.9729795582958909,0.7565312102192738,0.8582317154915606,0.6855633278362087,0.6559167875618231,0.8892115904561992,0.8027046338994143,0.816462685389604,0.923083960032854,0.9738692177666558,0.8319470617506239,0.8548596633805169,0.7524468484852049,0.726677785317103,0.05163817583917745,0.05506942867266704,0.05333330346668117,0.5164585676458147,0.0003
15,0.9732839308801244,0.7500601870114686,0.8631296079666888,0.6883011792526871,0.6574164184390522,0.8901771590456935,0.8118247992966819,0.8237673396362928,0.9785247972754182,0.9660679234398736,0.6567096776432462,0.8755853209230635,0.6132789850234985,0.5838468803299798,0.05306267697147351,0.05506942508794695,0.05333330346668117,0.5272241334120432,0.0003
16,0.9731518821638139,0.7702912277862674,0.852791645487801,0.6975635319459633,0.6683619398562635,0.8815472994412604,0.815789404366736,0.813863416063323,0.9479191889528369,0.9717102646827698,0.708930210934745,0.8764341523249944,0.6654193368222978,0.6347157326009538,0.053418802432610164,0.05515489423738102,0.05333330346668117,0.4722222222222222,0.0003
17,0.9737525924307401,0.7606195270038042,0.8514177721054828,0.6817898496252591,0.6531420672526125,0.8801494668759829,0.7842691329127627,0.7965058148575601,0.9224927200645697,0.9678307705455356,0.6963331798712412,0.8872483207119836,0.6624508069621192,0.6311888595422109,0.05306267697147351,0.05506942228503417,0.05333330346668117,0.5177585383256277,0.0003
18,0.97274905345479,0.7501542636605559,0.856487545810762,0.6827608537478526,0.65313827698348,0.8918880328291131,0.8211280876273108,0.817767746619378,0.9614840980435981,0.9666174153486887,0.677248842186398,0.9039840400218964,0.6564846568637424,0.6247666925191879,0.05306267697147351,0.055069422279158176,0.05333330346668117,0.527565018998252,0.0003
19,0.9729459080539766,0.7524741506967388,0.8623208677182432,0.6899702011561785,0.6595796346664429,0.9037082181165741,0.8111483821076134,0.8253992065340195,0.9202318044959522,0.9705308874448141,0.6813169055514865,0.886665403842926,0.6415987014770508,0.6101160281234317,0.05448717845989484,0.05535521657007546,0.05446620103380466,0.4722222222222222,0.0003
20,0.9747748218598913,0.7763126023480149,0.8577823746399801,0.7057845651126299,0.6760559326312581,0.8968278066364253,0.8268651470516969,0.8236305830598534,0.9120938347988441,0.9655991362200843,0.5956670045852661,0.9201459056801267,0.5890850954585605,0.5553799685504701,0.055555554487179526,0.055555529508757286,0.0555555256410396,0.4722222222222222,0.0003
21,0.9744743001265604,0.7755589856476081,0.8606968541614345,0.711712613457539,0.681685914758776,0.9079524630555703,0.8504928112990536,0.8430598810717304,0.9429783645223399,0.971460246377521,0.6852484378549788,0.8908848166465759,0.6534745858775245,0.6218866242302789,0.05306267697147351,0.055069424162545816,0.05333330346668117,0.5237559345033433,0.0003
22,0.9740184525974461,0.7743417268893757,0.863220329167413,0.7085773700573406,0.6778322614607264,0.9056679214497879,0.8476007244495196,0.8368064435158219,0.9556997408632373,0.9729178746541342,0.7909308440155454,0.8710145056247711,0.7306163244777255,0.7022426277399063,0.05235042640532547,0.0549545728113227,0.05215416520895548,0.4722222222222222,0.0003
23,0.9745405560634175,0.7898979196782971,0.8605114133631597,0.7252581774211321,0.6952545217803268,0.9015686843436768,0.8247101398671852,0.8335063040035076,0.936641486941791,0.9761144585079617,0.8657312923007541,0.8398338092697991,0.7727262891001172,0.7470050487253401,0.046830483805427696,0.05404836899611739,0.0498083999207445,0.4722222222222222,0.0003
24,0.9747207369960722,0.7778166454346453,0.8628429594587107,0.7141454180733102,0.6842457915915817,0.9062783917006472,0.8350403249545632,0.8330780472522299,0.9140116367183748,0.9709980653391944,0.6886324915621016,0.87868000070254,0.6421655217806498,0.6139810780684153,0.050569799633830126,0.05451218398576366,0.05111108133334846,0.5095578398969438,0.0003
25,0.9738277704989324,0.7696009972056405,0.8599471791845853,0.6985830908916035,0.6688937740247758,0.8872812578110651,0.8179264878092934,0.814800256387172,0.9308362095082392,0.9711356129911211,0.7919455866018931,0.8475958390368356,0.7138036605384614,0.6881505341993438,0.05235042640532547,0.054954576491834765,0.05215416520895548,0.4722222222222222,0.0003
26,0.9747716657450942,0.7832852357723674,0.861319588833168,0.7152805553107965,0.6856948953182971,0.901087791490355,0.8421254137197512,0.8290572747721372,0.8749363031543669,0.9760172632005479,0.8752375178866916,0.8145135723882251,0.7601464490095774,0.7376279549466239,0.04932336096500843,0.05431112455872298,0.0498083999207445,0.4722222222222222,0.0003
27,0.9753264315792771,0.7818858516020853,0.8603034527575384,0.7157497962967294,0.6850436828175529,0.9055683005709844,0.8336735392053352,0.8326169534770187,0.9473031642007046,0.9758249289459653,0.7947390841113197,0.8751947714222802,0.7438298381037183,0.7143577684958776,0.05448717845989484,0.05535521657071141,0.05446620103380466,0.4722222222222222,0.0003
28,0.9755484149104259,0.7728763828512097,0.8630319863069252,0.7084869781478507,0.6783114104974465,0.9100542408313642,0.8332959400544878,0.8454406546270165,0.9156311467045644,0.9739067554473877,0.7518644862704806,0.890183667341868,0.7154978381262885,0.6846817913982604,0.05306267697147351,0.055069424162545816,0.05333330346668117,0.5259308682547675,0.0003
29,0.9762367664790544,0.7978428768329933,0.8564018372629509,0.7231863175259262,0.6949349514773635,0.8899066581342104,0.8105237864575798,0.8239908697411901,0.9643311080385427,0.9771509965260824,0.841214140256246,0.8445924553606245,0.7493154456218084,0.7242776279648145,0.04932336096500843,0.05431112279590463,0.0498083999207445,0.4722222222222222,0.0003
30,0.9757800688509082,0.7999370332624092,0.8613300108518757,0.7313348846357377,0.7013559253489385,0.9091522984657968,0.8479534263278442,0.8474364464024468,0.9022929942021605,0.9710767500930362,0.7015570667054918,0.8912166721291013,0.6669460750288434,0.6357769949568642,0.047008546268902066,0.05555553796489371,0.0555555256410396,0.4722222222222222,0.0003
31,0.976106228398495,0.7872054567102527,0.8620320392436669,0.7221839809026874,0.692221673785663,0.9145378767244969,0.848402108540723,0.846471762706513,0.9082971420444426,0.978098945485221,0.8717475599712796,0.8343657337956958,0.7686038629876243,0.7461911092201868,0.046830483627365055,0.05377936638567019,0.0498083999207445,0.4722222222222222,0.0003
32,0.9752910381457844,0.7799677790188398,0.8628331100354429,0.7186517373460238,0.6883990491022829,0.9085400736629595,0.822789272086736,0.8424772367531093,0.9411940633273516,0.9772268103228675,0.9315559367338816,0.7968731336295605,0.7788639358348317,0.7613620832562447,0.03935185161443491,0.05195931240485842,0.0498083999207445,0.4722222222222222,0.0003
33,0.9760909666780566,0.8065778710803048,0.8625226069669254,0.7396783545369008,0.7103862010064672,0.9030529857911439,0.8433360886828137,0.8442567124400175,0.9354743107420499,0.9555096725622813,0.4777125318845113,0.936237139834298,0.4824027982023027,0.44689636760287815,0.05555555377492896,0.05555553047532686,0.0555555256410396,0.5276243223084344,0.0003
34,0.9762538769206063,0.7987071060743488,0.8640742917529872,0.7349069050100984,0.7043852112332328,0.9165947988924947,0.8604927287594197,0.854847137561726,0.9063256031177083,0.9779251780774858,0.8322428895367516,0.8609265635410944,0.7622258596950107,0.7332271337509155,0.050569799633830126,0.054568452380061166,0.050925896219150814,0.5108727183606889,0.0003
35,0.9763762775014658,0.7993509007281945,0.8634228413222266,0.7336632707079903,0.7029009256206575,0.9095266961074236,0.8610116030134397,0.8517073222301423,0.9369738961829513,0.9643375509315066,0.508754700422287,0.9208912187152438,0.5011799103683896,0.4663769288195504,0.05519942866991759,0.05547487248036351,0.054507307701450076,0.5226232078340318,0.0003
36,0.9760397096149257,0.7937310064425234,0.8681751587351815,0.7365166867365602,0.7057082721444426,0.9154875889835082,0.8592310506900049,0.8545523692014529,0.9704225444402851,0.9779224660661485,0.8560857044325935,0.8513679951429367,0.7715166674719917,0.7465316272444196,0.04807692229618675,0.05415329627981809,0.0498083999207445,0.4722222222222222,0.0003
37,0.9763764524068989,0.7869771699436375,0.8623422296320806,0.722927243006034,0.6928916124046826,0.9206372494366044,0.873208669701375,0.8587282682393398,0.933988088467082,0.9764652219083574,0.7408287624518076,0.8786348501841227,0.6857934991518656,0.6567227078808678,0.053418802432610164,0.055154895163673376,0.05333330346668117,0.4722222222222222,0.0003
38,0.9765490488927873,0.7909314036369324,0.870449679796813,0.7333561953951101,0.7023410025190134,0.9193144426437186,0.8543247544981976,0.8541871956604077,0.9638882533448642,0.9701702429188622,0.6876313951280382,0.8837365143828921,0.6465115282270644,0.6150480641259087,0.05146011301957779,0.05499053145330784,0.05333330346668117,0.5261940194500817,0.0003
39,0.9764559630487786,0.7901412326781476,0.8666091551546191,0.73135713573362,0.7007239265520064,0.9205688181855072,0.8706271280174082,0.8601527711560838,0.9391572739257187,0.9775426917605929,0.8376973304483626,0.8766414986716377,0.7871152129438188,0.7589195503128899,0.05448717845989484,0.05535521565496157,0.05446620103380466,0.4722222222222222,0.0003
40,0.9767822642795375,0.7915373581354735,0.8619376108294627,0.7279517513806703,0.6982201010477348,0.9073669806941063,0.8639838298162078,0.8491985717472524,0.9695067659753268,0.9780528446038564,0.8326505985524919,0.8543544130192863,0.7555700259076225,0.7302615758445528,0.051816238480714455,0.05506942779729704,0.05333330346668117,0.5143486625618405,0.0003
41,0.9763370058575614,0.7894934953236189,0.8644346800006804,0.7221564914359421,0.6925657899653326,0.9032062066793879,0.8416266787042936,0.832591584288492,0.9195649125536934,0.9782504472467635,0.9034042954444885,0.8313742429018021,0.7884498122665617,0.7646119097868601,0.051282050378040796,0.05475426236748418,0.050925896219150814,0.4722222222222222,0.0003
42,0.9763652574820597,0.7947572753077647,0.8653360058049686,0.727896622947005,0.6975310884538244,0.9095233715295957,0.8429602840784195,0.8539839881842005,0.9501666631854948,0.9653870695167117,0.5617486437161764,0.9280414084593455,0.5588326619731055,0.5242200924290551,0.05555555413105424,0.055555531437095476,0.0555555256410396,0.5245646668805016,0.0003
43,0.9773311067800052,0.8074234753358559,0.8701389568750976,0.7448590847312427,0.714371027516537,0.9234403216159844,0.8803923425795754,0.8635114867667181,0.9031681564987682,0.978816333744261,0.8626433047983382,0.845331124133534,0.7797162565920088,0.7549830625454584,0.051282050378040796,0.05475425776414615,0.050925896219150814,0.4722222222222222,0.0003
44,0.9771430971192532,0.8033268266036863,0.8679974714263541,0.7420863049929259,0.7110911412317245,0.9203027193485692,0.8629292037120123,0.8634881224052582,0.9550626639459954,0.9770170052846273,0.7668112814426422,0.8883801334434085,0.7324500613742404,0.701162103149626,0.05430911581835784,0.0555555370612267,0.0555555256410396,0.5205815666251712,0.0003
45,0.977233250610164,0.7998750913338583,0.8648099479128103,0.7329621969676409,0.7032558097213996,0.9088396449268106,0.8489581217052999,0.8392364563191309,0.9293977031942273,0.978585958480835,0.9118117855654823,0.8141052822271982,0.7856861154238383,0.7643956061866548,0.03952991407790929,0.05435362073944309,0.0498083999207445,0.4722222222222222,0.0003
46,0.9768684135108697,0.7979886854281191,0.8664628902419669,0.7402402680428302,0.7098285340871967,0.9147435830098877,0.8570520696879104,0.8568957794468501,0.960211341498328,0.9780315260092417,0.8473988042937385,0.841622973481814,0.7586104306909773,0.7325093431605233,0.05235042640532547,0.054954576491834765,0.05215416520895548,0.4722222222222222,0.0003
47,0.9772657429585692,0.8231042994827521,0.860821328202232,0.749718650442655,0.7211695176656129,0.9006421070493128,0.859260663026632,0.8481597834227347,0.9229284446747577,0.9789809385935465,0.9238889747195773,0.8350334432390001,0.8136483546760347,0.7906208005216386,0.040598290105193974,0.05455394052127971,0.0498083999207445,0.4722222222222222,0.0003
48,0.9780045298279308,0.8144451741312371,0.8669587109909683,0.7492848009359642,0.7195570898837731,0.9169586674360867,0.873561391785545,0.8635458849436359,0.9262001035643406,0.978045168850157,0.8309017188019223,0.8640094449122747,0.7643176168203354,0.7371400280131234,0.053418802432610164,0.055154899594036993,0.05333330346668117,0.4722222222222222,0.0003
49,0.9777653002348102,0.7998641323847849,0.869064631032162,0.7381830386451034,0.7077691178829943,0.9239071351771079,0.8822503653659873,0.8654373842758355,0.9242925780718444,0.97700301806132,0.7753704554504819,0.8813811739285787,0.7278251846631368,0.6991000473499298,0.053418802432610164,0.055154895163673376,0.05333330346668117,0.4722222222222222,0.0003
50,0.9769152148825223,0.7874243591652542,0.874246844502746,0.7297321934191907,0.6983091513641545,0.9306415073820006,0.8951385111076001,0.8758381023701971,0.914621359012166,0.9756820201873779,0.77015287677447,0.8857370151413811,0.7286421325471666,0.6987553967369927,0.055555554487179526,0.05555553706122669,0.0555555256410396,0.4722222222222222,0.0003
51,0.9779363079149215,0.7956224973084497,0.8740270284355663,0.7417718514067227,0.7106575291664874,0.9353253326076945,0.9087525072231589,0.8860032352457836,0.95831149621088,0.9794080522325304,0.8762156135506101,0.8610295520888435,0.801030758354399,0.7753899594148,0.05235042640532547,0.05495457993896206,0.05215416520895548,0.4722222222222222,0.0003
52,0.9777226555542867,0.7752524184398963,0.8689307208921089,0.7134103149664207,0.6820736375988506,0.9294324318016909,0.868736236588972,0.8635249935135627,0.9606834816150978,0.9793165425459543,0.8452006280422211,0.8615029785368178,0.783583821521865,0.7547359433439043,0.053418802432610164,0.055154897872499754,0.05333330346668117,0.4722222222222222,0.0003
53,0.9774325646337916,0.7927559858462849,0.8704102723324885,0.7360132815407925,0.7052041399674337,0.925412074431994,0.8666383362918183,0.8790931344061403,0.9783032311767829,0.9779801368713379,0.927911274962955,0.7915891640716128,0.7774611156847742,0.7594700737131966,0.04807692229618675,0.05415330024375018,0.0498083999207445,0.4722222222222222,0.0003
54,0.9779397679156945,0.8050866175870426,0.8695869338316996,0.7455235631739507,0.7155016260068925,0.9333296871724049,0.8893234780120524,0.8786718531975782,0.9228982974271305,0.9789933628506131,0.8689850568771362,0.8664469685819414,0.8019129700130887,0.7735011329253515,0.051282050378040796,0.05475425509569962,0.050925896219150814,0.4722222222222222,0.0003
55,0.9785707602735425,0.81568437717,0.8690739879842664,0.7566431076800237,0.7263144538050792,0.9292796570903046,0.8898186474485329,0.8799411921762023,0.9465457298716561,0.9789567523532443,0.8325125376383463,0.8646153774526384,0.7657026002804438,0.7395304458008872,0.053418802432610164,0.05515489607942321,0.05333330346668117,0.4722222222222222,0.0003
56,0.9780324531383202,0.7838134579971189,0.8689239249854791,0.7224217995268399,0.692586712172774,0.92570181994169,0.8783752865197074,0.8620577839349434,0.9602768255061791,0.9788298341963027,0.9096584883001115,0.8355426159169939,0.7981687436501185,0.7773625204960505,0.05021367435075611,0.05455394051704012,0.0498083999207445,0.4722222222222222,0.0003
57,0.978149194209302,0.8151168070855688,0.8734738172077742,0.7558267771220598,0.7248914310189544,0.9260885180555227,0.8883651913678308,0.8753272693695541,0.96044757620233,0.9793838130103217,0.8698895739184486,0.8678018649419149,0.8071106324593226,0.7792070044411553,0.05448717845989484,0.05535522009385774,0.05446620103380466,0.4722222222222222,0.00015
58,0.9781918349813242,0.7987441723463965,0.8747963348373038,0.7452505651067515,0.7136986939633478,0.9382908718424837,0.907372119306802,0.888661715813567,0.9726747333026323,0.9796300464206271,0.8797370360957252,0.8634036315812005,0.8052489542298846,0.7795228875345654,0.04789886018883766,0.05482103294989003,0.05215416520895548,0.5189843674500784,0.00015
59,0.9789904561199125,0.8188230561428382,0.8717375935101118,0.7612435641835947,0.730801553022666,0.9371597593196854,0.9121830183388974,0.8958685648349624,0.9346280664694114,0.9792103932963477,0.8642580641640557,0.86289853685432,0.7945367793242136,0.7680488261911604,0.044871794214332704,0.05515490191937356,0.05333330346668117,0.4722222222222222,0.00015
60,0.9791758529475478,0.8208135845231228,0.8738920288007768,0.764898880583341,0.7337153680988999,0.937826712679655,0.908738773022463,0.8919320917515247,0.9628762798231156,0.9794075753953722,0.9264987872706519,0.8292784806754854,0.8144853860139847,0.7918019211954541,0.03952991407790929,0.054553941874554104,0.0498083999207445,0.4722222222222222,0.00015
61,0.9792103190891078,0.7937023405168877,0.8770940714195127,0.7388306455534013,0.707099042954992,0.9418448580884402,0.9050813808633003,0.8946235722689332,0.9659664972883756,0.9803619815243615,0.8398986988597446,0.8686954826116562,0.7753164056274626,0.7474576135476431,0.04789886018883766,0.05482103293963794,0.05215416520895548,0.5193204316827986,0.00015
62,0.9798018502407386,0.818264723801222,0.8710531269917723,0.7592172544510638,0.7286785039745394,0.9354690078484164,0.9024450521678654,0.8900589168919795,0.9756650015956065,0.9800891180833181,0.8755185537868075,0.8528521209955215,0.7931882474157546,0.7658738477362527,0.04380341818704801,0.05515489960256954,0.05333330346668117,0.4722222222222222,0.00015
63,0.9793599374958726,0.8082196605010111,0.8756878620288411,0.750045962020999,0.7185405219187502,0.9376659622681079,0.9050573199947975,0.8886467082604991,0.9310118898016507,0.9801794687906901,0.8871203727192349,0.8586474657058716,0.8099690543280708,0.7829652925332388,0.04932336114307108,0.05456845492959178,0.050925896219150814,0.5256115860409207,0.00015
64,0.9795095773993946,0.8201185963192924,0.8769550851134004,0.7641508120005248,0.7321414068096974,0.9496531225509134,0.9222949764480277,0.9065979072223073,0.9736292870318304,0.9743410050868988,0.7215702997313606,0.8929894268512726,0.6828673829634985,0.6535934888654285,0.05448717845989484,0.05535521922696708,0.05446620103380466,0.4722222222222222,0.00015
65,0.9792451174532781,0.8054607950273107,0.8784496129536238,0.7533719598269853,0.7218220175289717,0.9379727726314047,0.9132811188345371,0.8897466646614761,0.9666298549683368,0.9796814123789469,0.8767526050408682,0.8560740633143319,0.7946583065721724,0.7708628757132424,0.05235042640532547,0.05495457993896206,0.05215416520895548,0.4722222222222222,0.00015
66,0.9803536983787037,0.8290266980890368,0.873005030585117,0.7707628353697354,0.7400424978772148,0.9316190109550712,0.903265262432788,0.8840062406363158,0.9141559551973812,0.978262272146013,0.8052247100406222,0.8947678340805901,0.76452460553911,0.7328539490699768,0.047008546268902066,0.05555553796489371,0.0555555256410396,0.4722222222222222,0.00015
67,0.9800800856996755,0.8151023602876507,0.8770023936130962,0.7617780214450398,0.730089825684907,0.9432757402029645,0.9091618608590645,0.9012524118575896,0.9539969319202861,0.9801764223310683,0.9006235102812449,0.8467332985666063,0.8094424704710642,0.7857228169838587,0.051282050378040796,0.05475426169042301,0.050925896219150814,0.4722222222222222,0.00015
68,0.9802526176952925,0.8150193114749721,0.8756712909604683,0.7573522036192847,0.726284532273402,0.9287396562328701,0.8974882156916405,0.8834556481804637,0.9648182245551563,0.9796276092529297,0.9173095656765832,0.8280094580517875,0.8061031070020463,0.7820830047130585,0.04683048416155298,0.05456845783971774,0.050925896219150814,0.5251763529247708,0.00015
69,0.9798623929258252,0.824692473059795,0.8729331630175231,0.7634723118094148,0.7332967353648827,0.9296691511362039,0.9028733344724604,0.8931735212628295,0.9679727837687633,0.9786500235398611,0.7610967755317688,0.8942965666453043,0.7290353741910722,0.6975479854477776,0.0543091156402952,0.05531412427252087,0.05446620103380466,0.5210993025037978,0.00015
70,0.9800916558406392,0.8122049599397377,0.8786766548625758,0.7573669670058079,0.7259835151375317,0.9315795524807998,0.8988706018368577,0.8970413092876308,0.9792878168528197,0.9731528129842546,0.6643055180708567,0.914513972070482,0.6487856639756097,0.6157206694285074,0.055555554309116885,0.05555553522018796,0.0555555256410396,0.5264828503131866,0.00015
71,0.9800296777584514,0.8147034913790031,0.8770151353273236,0.7602573452425785,0.7294203155353421,0.9441702987640034,0.8975804645811166,0.8958193638454366,0.9466981819418611,0.9778122272756364,0.8136689100000594,0.8801834715737237,0.760451121462716,0.730709410376019,0.05306267697147351,0.05506942600422049,0.05333330346668117,0.50904424322976,0.00015
72,0.9805383877676042,0.8164721033612236,0.8795199267199783,0.7622782695488851,0.7310400429319163,0.9458119177566813,0.9124205535031273,0.9079453835795537,0.9587501131120275,0.9795257250467936,0.9374261962042915,0.8102854904201295,0.7990014337831073,0.7784358585874239,0.047008546268902066,0.05395298038689523,0.0498083999207445,0.4722222222222222,0.00015
73,0.9801992226819523,0.8135515734797618,0.8780347167468462,0.759678409724939,0.7281974427035598,0.9396711880264185,0.8928782312774066,0.8952939886457056,0.9800666238440842,0.9807446267869737,0.8861660957336426,0.8576332943307029,0.8018224057224062,0.7762453820970323,0.053418802432610164,0.05515489960041121,0.05333330346668117,0.4722222222222222,0.00015
74,0.9797594928350605,0.8127565510937425,0.8743407521091524,0.7552575244278205,0.7250710803954328,0.9371943263167216,0.9031437193737935,0.8930966415687909,0.9434390224394251,0.9788417120774587,0.7942007316483392,0.8666580700212054,0.7262651688522763,0.6996173560619354,0.04594017024161738,0.055555540581872266,0.0555555256410396,0.4722222222222222,0.00015
75,0.9807926826789731,0.812647816587667,0.8828479286100044,0.7622371521152433,0.729979790625025,0.9500041122263566,0.9172375390060041,0.9049388653923014,0.9441651848495983,0.9800150924258761,0.9115075237221189,0.8312829732894897,0.8021295799149407,0.7775161647134357,0.04683048416155298,0.054568455741124865,0.050925896219150814,0.525999344057507,0.00015
76,0.9803175955522255,0.823243785099905,0.8739472461528466,0.7663319081556602,0.7358322094698422,0.9432405293736139,0.9045376772758129,0.8966445677523944,0.9527844053799989,0.9802531401316324,0.817196763224072,0.8943860630194346,0.7773931059572432,0.7466976973745558,0.05306267714953615,0.05531412609130178,0.05446620103380466,0.5235766371091207,0.00015
77,0.9805937526655979,0.823806749015558,0.879611539058998,0.7712986459497546,0.7401349818120238,0.9398293122648811,0.9005441167199773,0.9013899971843198,0.963525116443634,0.9779268205165863,0.7246163090070089,0.9115369055006239,0.7050667868720161,0.6729417211479611,0.055555554309116885,0.05555553521966425,0.0555555256410396,0.5276497238212161,0.00015
78,0.9811652957415972,0.8438628677461968,0.8729339642602889,0.7842186679605578,0.754357855828082,0.9311579561293021,0.9060749708198754,0.890430030254437,0.9639345368400949,0.9787715540991889,0.7873423629336886,0.8960851066642337,0.7504390014542474,0.7198455035686493,0.051816238480714455,0.055069426908229926,0.05333330346668117,0.5229280392328898,0.00015
79,0.9805108504217179,0.8192432258949905,0.8798290696300444,0.7662008023652874,0.7346317934208229,0.9487890126076967,0.9237698748770132,0.9075326930153068,0.9435001484683303,0.9808040459950765,0.8620253867573209,0.8773845235506693,0.8032145235273573,0.7737682412068049,0.055555554487179526,0.05555553973030918,0.0555555256410396,0.4722222222222222,0.00015
80,0.9799892892603015,0.8153655616963496,0.8765855783321819,0.7621464094177621,0.730692413009581,0.9482065087105315,0.9049357026379597,0.8998247270832324,0.9588836978693478,0.9768995179070367,0.761855787701077,0.9009774989551969,0.7315500610404544,0.6998319145705965,0.05110398827069171,0.055555537965089385,0.0555555256410396,0.5253407756487528,0.00015
81,0.9806638330709739,0.8124864072096153,0.8781574055796764,0.7588401075269355,0.7268702807973643,0.9446732604489604,0.9015629886127552,0.9058263301247963,0.9754470352266655,0.9804832140604655,0.8880145218637254,0.8521115216943953,0.8068694058391783,0.7812489552630318,0.053418802432610164,0.055154900433527644,0.05333330346668117,0.4722222222222222,0.00015
82,0.980557421191794,0.8305239550402908,0.877347032554814,0.7753581238574669,0.7444812489337609,0.9399953820110022,0.9104260146700961,0.8892732870380897,0.9587568064204982,0.9735657274723053,0.6694951156775156,0.8984107242690192,0.6309492687384287,0.5998996198177338,0.053418802432610164,0.05515489516314967,0.05333330346668117,0.4722222222222222,0.00015
83,0.9802624426904272,0.8076562060684455,0.8810993706593748,0.7552304541478392,0.7231522349060558,0.9486194680185782,0.9158293735778085,0.9022697992334182,0.9762640370697272,0.9804186556074355,0.8992410600185394,0.8348924997780058,0.7991456323199801,0.7744247416655222,0.04273504215976334,0.054954580741052445,0.05215416520895548,0.4722222222222222,0.00015
84,0.980385278092056,0.7852267740202732,0.8815080591889678,0.7351796827355369,0.7028049328288094,0.9510515540567672,0.9066973999559588,0.8949322576433429,0.9615585315422933,0.9804543654123942,0.8767154249880049,0.857534271147516,0.7990233169661628,0.771040227678087,0.05235042640532547,0.054954579110971666,0.05215416520895548,0.4722222222222222,0.00015
85,0.9804584423049552,0.8130198287182167,0.8806056683180762,0.7602334110463251,0.7285856350523526,0.9444936936672634,0.9122604929052153,0.8961805803772248,0.963808867775026,0.9783253835307227,0.7721114555994669,0.8872732950581445,0.727971033917533,0.6971657590733634,0.05110398827069171,0.05555553885618438,0.0555555256410396,0.5223976174990336,0.00015
86,0.9804458051431374,0.8006652749952723,0.8843539806663013,0.7546192515091817,0.721427743552161,0.9555498013713649,0.9207410987408204,0.9133947314290092,0.9655772711409897,0.980159600575765,0.9055839214060042,0.8370434492826462,0.7965007325013479,0.7739550852113299,0.049145298323471434,0.05435361677712975,0.0498083999207445,0.4722222222222222,0.00015
87,0.9810375346512091,0.8238924331352359,0.8775684325421442,0.7688803418737943,0.7377742274862821,0.9494271033835938,0.9158856972846741,0.9111896401383419,0.9782857210909734,0.9798454973432753,0.8398491442203522,0.8767208523220487,0.7764393852816688,0.7485254241360558,0.05306267714953615,0.05531412609130178,0.05446620103380466,0.5181638399759928,0.00015
88,0.9814890154072495,0.8144133735875614,0.8836907197217472,0.7635152349706555,0.7314404737753947,0.9513005425064636,0.9247928592659802,0.9108201942403203,0.9767789049226729,0.9804110527038574,0.8743971619341109,0.85695005622175,0.8009480271074507,0.7732204099496206,0.04683048416155298,0.054568454936876155,0.050925896219150814,0.5273933112621307,0.00015
89,0.9815040416404849,0.8174034835862332,0.8808858912499224,0.7655087289262991,0.7334802248438851,0.9481206354654204,0.9216803882665583,0.903120932572438,0.9636871648616478,0.9745278590255313,0.6613065865304735,0.9086024463176727,0.6406763427787356,0.6088366972075568,0.05555555413105424,0.05555553521982045,0.0555555256410396,0.5273796319961548,7.5e-05
90,0.9815637459520434,0.8223717984606008,0.8802876736296982,0.7692228917215691,0.7379466002104712,0.9546968099552127,0.9273424804078242,0.9207440236958752,0.981018913573906,0.9804152018494077,0.8040494057867262,0.8812272515561845,0.7602920399771796,0.7297705047660403,0.05003561224340703,0.05531412609228014,0.05446620103380466,0.5124427080154419,7.5e-05
91,0.9814582701589241,0.8310370591820263,0.8834146906117923,0.7812438460647083,0.7492915255124452,0.9553523599576037,0.9245440186645892,0.9142266876255403,0.9403496296679388,0.9803377522362603,0.8672237561808692,0.8667565120591058,0.7975280069642596,0.7692744202084012,0.05163817583917745,0.05506942867061185,0.05333330346668117,0.5244497888618045,7.5e-05
92,0.9818872711697563,0.842261685699713,0.8809401304995428,0.7880630170712706,0.7571249907134009,0.9464305251681171,0.9156488486371881,0.9135330367080462,0.966922649594604,0.9802514447106255,0.8760779798030853,0.8652050263351865,0.805183642440372,0.7767704327901205,0.05163817583917745,0.05506942867266704,0.05333330346668117,0.5149522622426351,7.5e-05
93,0.9818307972345196,0.839916492094759,0.8810819553547218,0.7890619821235781,0.7571642007984098,0.9543394647327954,0.9309172229884275,0.9152288409960566,0.9733313009387157,0.979964898692237,0.8054420385095808,0.8889970845646329,0.7629950907495286,0.7329250060849719,0.05003561224340703,0.05531412698134726,0.05446620103380466,0.5168301264444987,7.5e-05
94,0.9816719127483056,0.8183619976043701,0.8832696099750331,0.7695578629853296,0.7376601539674352,0.949194114281278,0.9129801792887546,0.90758669781918,0.9594008209275418,0.9797649449772305,0.78380905257331,0.8950904409090678,0.7501454816924201,0.7190211762984594,0.054131053176820834,0.055555537965872065,0.0555555256410396,0.5166400141186185,7.5e-05
95,0.9812794327735901,0.8425120037110125,0.8810879529499617,0.7898133182134784,0.7584795707561931,0.9559986364849326,0.9136713078469723,0.9184682714537128,0.9440232710760148,0.9810630480448405,0.8463871876398722,0.8797154857052697,0.7935254176457723,0.7638373275597891,0.051816238480714455,0.055069426908229926,0.05333330346668117,0.5276414718892839,7.5e-05
96,0.9820327788102822,0.8361660222538182,0.8815090519482972,0.7836127427757763,0.7521542936074929,0.9562725308584238,0.93461443343259,0.9232954594052148,0.9598094781891244,0.980142805311415,0.8985156483120389,0.8472720318370395,0.8004048251443439,0.7758607533242967,0.05146011319764045,0.055069430356556016,0.05333330346668117,0.5180544058481852,7.5e-05
97,0.9818675674375941,0.8183496672599042,0.8855339796816717,0.7711499724231783,0.7391735901598071,0.9545604512432736,0.937997728260897,0.9204511972014546,0.9755993133685628,0.9792605770958794,0.8336414065625932,0.8926892578601837,0.7930746939447191,0.76315309604009,0.051816238480714455,0.055069426908229926,0.05333330346668117,0.525138603316413,7.5e-05
98,0.9820901458380652,0.8198241806421124,0.8874019902260577,0.7757038268886629,0.7440641854630142,0.9596626649742691,0.9303738219701608,0.9248383069913593,0.9670197338354393,0.9799090226491293,0.8883294065793356,0.8523179110553529,0.8054075870249007,0.7792247732480367,0.050391737170355756,0.05482103294827128,0.05215416520895548,0.5221596161524454,7.5e-05
99,0.9820016280549472,0.8284874353252474,0.882744912241326,0.7793235788579846,0.7470428142391268,0.962286621653041,0.9410751048726864,0.9260163349051864,0.959705053782854,0.9803648789723715,0.830465061797036,0.8889433973365359,0.7845417857170105,0.754077696137958,0.054131053176820834,0.055555537965872065,0.0555555256410396,0.5177458624045054,7.5e-05
100,0.9819592266786293,0.8226398845187953,0.8833258533086933,0.7741490172558143,0.7419876280378123,0.9540845469094253,0.9297350307769764,0.9184407840950318,0.9907516446269926,0.9802710281478034,0.8282795151074728,0.8799344599246979,0.7772480282518599,0.7469089345799552,0.05003561224340703,0.05531412609228014,0.05446620103380466,0.5243584116299947,7.5e-05
101,0.9823954847992443,0.8269436261692985,0.8855084219916922,0.7780244995336063,0.7458434046291914,0.9576453913636093,0.9364267977475828,0.928575251231808,0.93871544325938,0.9779439866542816,0.7085847589704726,0.9080257614453634,0.6829884151617686,0.6516075680653254,0.055555554309116885,0.05555553614558909,0.0555555256410396,0.5218300124009451,7.5e-05
102,0.9817745910316217,0.8268225593645064,0.8801898497049926,0.7730083446033665,0.7417746283968941,0.9518131093833654,0.909224997090777,0.9116235320728823,0.9742629860268265,0.9801601303948296,0.8409083916081322,0.8842467367649078,0.788393368323644,0.758520632982254,0.055555554487179526,0.055555538855206005,0.0555555256410396,0.4722222222222222,7.5e-05
103,0.9820156830256103,0.8388105718815912,0.882506818067832,0.7900749767412905,0.7583276013858983,0.955893773028047,0.9370597325090482,0.9262019947739196,0.9612213050732847,0.9802644782596164,0.810913172033098,0.8973580863740709,0.774287160899904,0.7439058423042297,0.05110398827069171,0.05555553796489371,0.0555555256410396,0.5248169865873125,7.5e-05
104,0.9825241419135547,0.8214504288845375,0.8854271036679627,0.7754456039334907,0.7439543643935782,0.9491514385740596,0.9247687194424704,0.9150066220617756,0.9615356199076919,0.9801182746887207,0.8539255625671811,0.8724034859074487,0.7912672857443491,0.7617918137047026,0.04594017024161738,0.05555553885618438,0.0555555256410396,0.4722222222222222,7.5e-05
105,0.9823763477997701,0.8274999876491359,0.881989742888779,0.7778855699007629,0.7467183167817163,0.9606125864570535,0.9312997598742347,0.9188827575509315,0.9603205841095721,0.980618503358629,0.8727695577674441,0.8625912086831199,0.8019540872838762,0.7739623834689459,0.053418802432610164,0.055154897872499754,0.05333330346668117,0.4722222222222222,7.5e-05
106,0.9824405126884336,0.8316313428956954,0.8818754270428517,0.7815511422079118,0.750039499314105,0.9541963324645247,0.9241163960600464,0.9203697561883668,0.9741882281225236,0.981036557091607,0.8215912679831187,0.8848236004511515,0.7717586225933499,0.7406987994909286,0.05003561224340703,0.05531412609228014,0.05446620103380466,0.5242871840794882,7.5e-05
107,0.9821696242348092,0.8141088925424169,0.8871397845080642,0.7691737814027755,0.7367011650663907,0.95274589109385,0.9234237425648438,0.9143503719786139,0.9723698916982432,0.9807820320129395,0.8247274359067281,0.8877890076902177,0.7798479100068411,0.749460811416308,0.055555554487179526,0.055555537061079935,0.0555555256410396,0.4722222222222222,7.5e-05
108,0.9822523457105042,0.8329396824367711,0.8823863101787255,0.7811598670287211,0.7499136993142425,0.9625024142135983,0.9461325758342443,0.9311028243148074,0.9757722381685601,0.9800170262654623,0.8033834795157114,0.8964226014084287,0.7661274009280734,0.7349811560577817,0.054131053176820834,0.055555537965872065,0.0555555256410396,0.519044942326016,7.5e-05
109,0.9826370927154041,0.8221179325072492,0.8834462986617792,0.7693186568432167,0.7376644797012454,0.9571804089419813,0.9446518378893068,0.9244217094474427,0.9529602957553551,0.9810941219329834,0.8693377474943796,0.8664134624931548,0.7993536078267627,0.7717448274294535,0.05448717845989484,0.05535521836503315,0.05446620103380466,0.4722222222222222,7.5e-05
110,0.9826316423103457,0.8328100296317554,0.8830903573114364,0.7819909961497198,0.7505686204941546,0.9563675045680792,0.9353574568081611,0.9221350601082223,0.9467526254106741,0.97984003689554,0.7493165400293138,0.9056057466400994,0.7226261728339725,0.6913067450126013,0.054131053176820834,0.055555537965872065,0.0555555256410396,0.5270839134852091,7.5e-05
111,0.9821555888066527,0.8212253705399936,0.8909317851066589,0.7785930213381033,0.7461838214123835,0.9641248836908671,0.9462134372213156,0.931158097573437,0.9881984044293888,0.9807789325714111,0.8478749990463257,0.8795678681797452,0.7909707857502831,0.7615274058447944,0.051816238480714455,0.055069426908229926,0.05333330346668117,0.5266651014486948,7.5e-05
112,0.9823096287055094,0.8287431793134721,0.8884060294901739,0.7863575747755708,0.7531653652425672,0.9587748605115857,0.9210680704462761,0.9263799305995327,0.990671661056456,0.981063101026747,0.8847854865921868,0.8639649450778961,0.8168713930580351,0.7892284989356995,0.05448717845989484,0.05535521836503315,0.05446620103380466,0.4722222222222222,7.5e-05
113,0.9825830967699896,0.8400893553358609,0.8883596189686509,0.7942482106021194,0.7620493847815717,0.9615579307316049,0.9418186399295231,0.9273220448600203,0.9542473281016115,0.9802733527289497,0.8618024057812161,0.8664435644944509,0.7904148101806641,0.7627982878022723,0.050569799633830126,0.054568452380061166,0.050925896219150814,0.5243830846415626,7.5e-05
114,0.9824554842026507,0.8354977203197167,0.8846763098826174,0.7875554219621127,0.7555527237595104,0.9556290752924079,0.9321298293447371,0.918490170421325,0.9497704574319182,0.981063101026747,0.8847854865921868,0.8639649450778961,0.8168713930580351,0.7892284989356995,0.05003561224340703,0.05531412609228014,0.05446620103380466,0.5251296295060052,7.5e-05
115,0.9824129401660356,0.8313542067027483,0.8847917806906779,0.7825557609073451,0.750397756451466,0.9592147369126734,0.9388084326111096,0.9245762218301348,0.9820309857853123,0.9804898897806803,0.8071169687641991,0.8966935442553626,0.7704252501328787,0.7406853652662702,0.05110398827069171,0.05555553706186264,0.0555555256410396,0.5155307385656569,7.5e-05
116,0.982993733687479,0.8190908197496758,0.8864060376511246,0.7695406900077569,0.737777618111157,0.9513975350051291,0.9196694331751644,0.917507231328741,0.9568979486090238,0.9811859395768907,0.8521165284845564,0.8763302498393588,0.7957845992512174,0.7670897013611264,0.04594017024161738,0.055355217474720844,0.05446620103380466,0.4722222222222222,7.5e-05
117,0.9825208685437187,0.8376722501926734,0.8849480054417594,0.7886343588594531,0.7566178968695344,0.9549277261457871,0.9250577913852936,0.9248649696085594,0.9799314708006187,0.9808523919847276,0.8159697718090482,0.8890223370658027,0.7765050331751505,0.7460717393292321,0.054131053176820834,0.055555537965872065,0.0555555256410396,0.5263440410296122,7.5e-05
118,0.9826393830971639,0.8279503525280562,0.8863384225329415,0.7811767185320619,0.7496209105507272,0.9496192797758091,0.9223006949843762,0.9218747790803999,0.9541850559047012,0.9807998935381571,0.8647989133993784,0.8642549084292518,0.7932771146297455,0.7646157228284411,0.05003561224340703,0.05531412785671725,0.05446620103380466,0.525272528330485,7.5e-05
119,0.9824082480102289,0.8403363716406901,0.8838417618001093,0.7891635171702651,0.7572958703900947,0.9559210407200505,0.9377058677343377,0.9202751742427984,0.9517366075124897,0.9796924955315061,0.7571312189102173,0.9078993101914724,0.7335092027982076,0.7016842861970266,0.05430911581835784,0.05555553796425776,0.0555555256410396,0.5268320010768043,7.5e-05
120,0.9824358527777625,0.8301031706763096,0.8855919955206699,0.7811746225982416,0.7488790379195917,0.9576197417619764,0.9445997938970757,0.9335933266486489,0.9746874570846558,0.9809590445624458,0.8961571620570289,0.851181384589937,0.8106811973783705,0.7842629204193751,0.05448717845989484,0.055355220923197085,0.05446620103380466,0.4722222222222222,7.5e-05
121,0.9828236728418068,0.8401278482108819,0.8867198873738773,0.793129518383839,0.7606344154623689,0.9603402057145984,0.9459307513413481,0.9302118970093579,0.9823277133410094,0.9803410900963677,0.83676677942276,0.8921860257784525,0.7954884933100806,0.7648607889811198,0.054131053176820834,0.055555538854939183,0.0555555256410396,0.5276171730624305,7.5e-05
122,0.9826524140404873,0.8391651218054724,0.8859900177502241,0.7943267968834423,0.7621429054463496,0.9671382574286416,0.9514925513529653,0.9369162666947195,0.9577048508847346,0.9805263413323296,0.8188620011011759,0.8890810410181681,0.7764959202872382,0.7467760095993677,0.055555554487179526,0.055555537965872065,0.0555555256410396,0.4722222222222222,7.5e-05
123,0.9823110983019969,0.8331129267567494,0.8834192059079155,0.7816696186534694,0.7498503600964781,0.9468899387315751,0.9205209980086505,0.9155386600614337,0.983342637781237,0.9805341826544868,0.8838077982266744,0.8628727164533403,0.8112603624661764,0.7834151089191437,0.044871794214332704,0.05515489787374495,0.05333330346668117,0.4722222222222222,3.75e-05
124,0.9828915439668249,0.8480200054215603,0.8847034681038778,0.7975377215713751,0.7656336329022392,0.9588290882758856,0.9462398804211211,0.9321268578909815,0.9654928709639877,0.9797823859585656,0.7824367880821228,0.8995423681206174,0.7494017548031278,0.7189632720417447,0.05110398827069171,0.05555553706186264,0.0555555256410396,0.5263920393255022,3.75e-05
125,0.9825710595631209,0.8418066403904899,0.8855632885557706,0.7951390684628096,0.7632450265962569,0.9616567700616322,0.9324641692162712,0.9242413100589868,0.9639428130915908,0.9808604518572489,0.8215585417217679,0.8880396485328674,0.7765451040532854,0.7465254714091619,0.052884614507999146,0.05531412698259244,0.05446620103380466,0.5113867123921713,3.75e-05
126,0.982912721203976,0.8322020456439159,0.8864148689098046,0.7837046697491505,0.7517343896334289,0.9547196751458092,0.9409036469408438,0.9242989642355857,0.9721986778446885,0.980900870429145,0.8638766904671987,0.8691809955570433,0.7981014516618516,0.7695208754804399,0.052884614507999146,0.055314128708734984,0.05446620103380466,0.5230972733762529,3.75e-05
127,0.9831592411291404,0.8280456652406787,0.887777862001638,0.780761893655433,0.7486714837981052,0.9612966630167579,0.9350062717604886,0.9225160242183977,0.949748978263042,0.9808977444966634,0.8647269639703963,0.8736923668119643,0.8061941133605109,0.7778539442353778,0.055555554487179526,0.055555538854939183,0.0555555256410396,0.4722222222222222,3.75e-05
128,0.9833251726431925,0.8351990082224862,0.8864866612387485,0.7859010637783613,0.7541304758337678,0.9616087229438808,0.9352104549470918,0.926515597669717,0.9795898746271603,0.9799776673316956,0.7821516858206855,0.894605471028222,0.7429000073009067,0.712401494383812,0.05003561224340703,0.05531412609228014,0.05446620103380466,0.5261537068419986,3.75e-05
129,0.9833975033681901,0.844441183277818,0.8888353246157287,0.7991580875193487,0.7666868958316866,0.964560458546544,0.9481788206871608,0.9321997571866208,0.9732401761852327,0.9810150298807356,0.829386336935891,0.8850904835595025,0.782347685760922,0.7522553387615416,0.054131053176820834,0.055555537965872065,0.0555555256410396,0.518393960263994,3.75e-05
130,0.9835447581087957,0.8469255801107063,0.8873684552849316,0.7999544163219264,0.7677853556930042,0.9650509140313537,0.9460316723509776,0.9425666607115222,0.9864062578951727,0.9807447228166792,0.8020326991875967,0.8853634794553121,0.7552766468789842,0.7254096253050698,0.054131053176820834,0.055555537965872065,0.0555555256410396,0.517437305715349,3.75e-05
131,0.9833513723045099,0.8326273159902604,0.8910839166797575,0.7871044463798648,0.7546845723371036,0.9655619772722486,0.9385094867042693,0.9315835960286291,0.9662389735706517,0.9790838658809662,0.7968831525908576,0.8923579057057699,0.7568957971202003,0.7261899378564622,0.04594017024161738,0.05555553885618438,0.0555555256410396,0.4722222222222222,3.75e-05
132,0.9831159212550179,0.834900369409655,0.8890471956768974,0.7917216371317379,0.7588735271672733,0.9688281525870552,0.9579529190857651,0.9390843305164649,0.9718934883836841,0.9802947044372559,0.7977331942982144,0.8956009248892466,0.7598118252224393,0.7292146682739258,0.055555554487179526,0.05555553706122669,0.0555555256410396,0.4722222222222222,3.75e-05
133,0.9833452642941084,0.840142590100648,0.8891381064399344,0.7975395360931021,0.7655489542445199,0.9617080446546418,0.9455059356271033,0.9289359348352044,0.9876356398473021,0.9806556171841092,0.8383594320880042,0.8895084692372216,0.7956328590710958,0.7657009462515513,0.055555554487179526,0.055555537965872065,0.0555555256410396,0.4722222222222222,3.75e-05
134,0.982956488601497,0.8342391926734174,0.8889658841930452,0.7895779267686313,0.7569352476323237,0.9610913453641358,0.9312096749117136,0.9235032357060347,0.968475061361907,0.9811355802747939,0.8501103023687998,0.8814666204982333,0.7983444862895541,0.7694167097409567,0.051816238480714455,0.055069426908229926,0.05333330346668117,0.5248222317960527,3.75e-05
135,0.9834192727432877,0.8474920724259049,0.8872712987368224,0.8006112536445993,0.7687419682252602,0.9687225507538427,0.949377909874963,0.9447027800914133,0.9133106323539234,0.97988404168023,0.8292471932040321,0.8815530439217886,0.7766860293017493,0.7477455404069688,0.054131053176820834,0.055555538855206005,0.0555555256410396,0.52203192975786,3.75e-05
136,0.9830024007891045,0.8381980882316339,0.8887826321554966,0.7917883034612312,0.7599243052670213,0.9625233393507099,0.9475815677345282,0.931410633162292,0.9144381978472725,0.9797570870982276,0.7702187531524234,0.9001773231559329,0.7370835940043131,0.7066546546088325,0.055555554309116885,0.0555555379625744,0.0555555256410396,0.5273254414399465,3.75e-05
137,0.9832869025527454,0.836489987177927,0.8890938436398741,0.7906607399221326,0.7591423499779623,0.9636340191623524,0.9420961001448497,0.9345611933492843,0.9607433862373477,0.9808930721547868,0.8082291980584463,0.8908162646823459,0.7654323610994551,0.7359566440184911,0.054131053176820834,0.055555537965872065,0.0555555256410396,0.5194441941049364,3.75e-05
138,0.9833590417611794,0.8481439352035522,0.8840993701434526,0.7968245598136402,0.7652024157711717,0.9602822550275661,0.9451206527402606,0.9284489614438692,0.9240514684896,0.9809029367234972,0.8063512676291995,0.8852048681841956,0.7576797372765012,0.7279609226518207,0.054131053176820834,0.055555537965872065,0.0555555256410396,0.5163802471425798,3.75e-05
139,0.9838206025420643,0.8364733408709042,0.8872786740787694,0.7925127901014735,0.760456630441009,0.9656989712113858,0.9470409743007714,0.9320444515232849,0.9386339080138285,0.9814104239145914,0.8874865538544126,0.8638840268055598,0.8144358528984917,0.7855375525024202,0.05163817583917745,0.055069429525208484,0.05333330346668117,0.5252020690176222,1.875e-05
140,0.9831091624791505,0.8401655808824008,0.8849157085184192,0.7904183942763532,0.7585236010004263,0.9603057383616462,0.9444920691748943,0.9310002022842666,0.9790238923713809,0.9808272255791558,0.8565847641891904,0.8812732001145681,0.8062091403537326,0.7762646757894092,0.05003561224340703,0.05531412698134726,0.05446620103380466,0.5109766092565324,1.875e-05
141,0.9835275724285939,0.8361120761417952,0.8913164422160289,0.7937619295276579,0.761538414681544,0.9702905012134206,0.9521976390975373,0.9422347275493748,0.9255217176968934,0.9809429910447862,0.8488891389634874,0.8848867449495528,0.8010199666023254,0.7714024351702796,0.051816238480714455,0.055069426908229926,0.05333330346668117,0.5270708269543118,1.875e-05
142,0.983233877869903,0.8449285470071386,0.8865686694129569,0.7946647982128331,0.7625615850823825,0.9658856830621819,0.9513466716510316,0.9328131505158813,0.9718945114338984,0.9810627566443549,0.8487450182437897,0.8754581411679586,0.7899060977829827,0.7608728938632541,0.05003561224340703,0.05531412609228014,0.05446620103380466,0.5126407212681241,1.875e-05
143,0.9837478154995403,0.8237563352115819,0.8899201926637869,0.7775695363029105,0.7455921642115859,0.952163448870789,0.9238141930546647,0.9225875194108804,0.9750967211410647,0.980950567457411,0.8367798825105032,0.8860978616608514,0.7893872691525353,0.7597348276111815,0.055555554487179526,0.05555553706122669,0.0555555256410396,0.4722222222222222,1.875e-05
144,0.9836780790422783,0.8395948283007888,0.8895163799895615,0.7938433993058126,0.7614683841095596,0.9643216220988793,0.9467895034575022,0.9268897279770434,0.9665653666511911,0.9812648296356201,0.8344198101096683,0.8943535718652937,0.7950200471613142,0.7649523499939177,0.054131053176820834,0.05555553706163138,0.0555555256410396,0.5177997052669525,1.875e-05
145,0.9833640290088341,0.8427421577641221,0.8878582764844425,0.7952128140652766,0.763327458842856,0.9602900330411313,0.9366715603634718,0.9276945187739767,0.935920630322128,0.9808221128251817,0.8448317183388604,0.8825394776132371,0.7937607367833456,0.7643448892566893,0.04594017024161738,0.05555553885618438,0.0555555256410396,0.4722222222222222,1.875e-05
146,0.9835213569344067,0.8312138514440568,0.888684516070319,0.7863607592270022,0.7540855739937454,0.9640468660453114,0.9529314809339243,0.9429177704386164,0.9888176429467123,0.9810130861070421,0.8249977827072144,0.8917729159196218,0.785089545779758,0.7548926207754347,0.05110398827069171,0.05555553706186264,0.0555555256410396,0.509981824292077,1.875e-05
147,0.983727867486047,0.8419458406870483,0.8913549350910499,0.7967052967821966,0.7643519464086314,0.9630617780189463,0.9519227432771616,0.9340446178646743,0.9555044330534388,0.9805493884616427,0.8265877597861819,0.8868144750595093,0.7812673548857371,0.7516630821757846,0.05448717845989484,0.05535521657071141,0.05446620103380466,0.4722222222222222,1.875e-05
148,0.9836150378477378,0.83960381394527,0.8890814468508861,0.795349937970521,0.7632248675236937,0.9678044043402337,0.9567956183958617,0.9405579979577546,0.9884568697116414,0.9808438883887397,0.8473487893740336,0.8814160691367255,0.793812010023329,0.7642650206883749,0.05003561224340703,0.05531412609228014,0.05446620103380466,0.5216140382819705,1.875e-05
149,0.9840112729150741,0.8545339644932356,0.8910422706213154,0.8110543186547327,0.7789997819994317,0.9670930817731149,0.9474508496096403,0.9423448267963959,0.9790635411856604,0.9802907837761773,0.8060347007380592,0.8913324640856849,0.7660738825798035,0.7360229012038972,0.05306267714953615,0.05531412609130178,0.05446620103380466,0.526479141579734,1.875e-05
150,0.983739863653652,0.8432166302790407,0.8904438487818984,0.7971081899814918,0.7655841082823082,0.9672687062697094,0.9549245702181919,0.9388432442456144,0.9773914139778888,0.9814037481943766,0.8541901674535539,0.8760007321834564,0.7973449528217316,0.7683078381750319,0.05003561224340703,0.05531412609228014,0.05446620103380466,0.5155579712655809,1.875e-05
151,0.9839915428005281,0.852314432136348,0.8865876246671207,0.8038623577258626,0.7726377082652733,0.9692684726929807,0.948257052157162,0.9459866922223317,0.8969065781499519,0.9799704253673553,0.790967689620124,0.9019914103878869,0.7610360715124342,0.7301870816283755,0.05110398827069171,0.05555553706186264,0.0555555256410396,0.5273629625638326,1.875e-05
152,0.9837446759958737,0.8345392356153394,0.8954048606215931,0.7964305643175469,0.7640958799690497,0.9729766555175768,0.9639552688531576,0.9487354239978589,0.9868209537912588,0.9812702867719862,0.8497248490651449,0.882050590382682,0.799221568637424,0.7697665062215593,0.055555554487179526,0.055555537061079935,0.0555555256410396,0.4722222222222222,1.875e-05
153,0.9837452652024441,0.8448451923542335,0.8862552437625948,0.796045606253577,0.7642700769862191,0.962889838136449,0.9510472360804884,0.93514899704379,0.982507269890582,0.9809672567579482,0.8371148606141409,0.8891549011071523,0.793088843425115,0.7630331052674187,0.047008546268902066,0.05555553706186264,0.0555555256410396,0.4722222222222222,1.875e-05
154,0.9838707945385917,0.8475006769915097,0.8911201856175407,0.8043271225006854,0.7723002160181764,0.9642202833057022,0.9545371507975994,0.9380873077033683,0.9411066926893641,0.9812642733256022,0.8621754679414961,0.8750973807440864,0.8053587542639838,0.7763077649805281,0.05448717845989484,0.05535521836503315,0.05446620103380466,0.4722222222222222,1.875e-05
155,0.9837632325829052,0.8437180167338887,0.8894638985883995,0.7983244227581336,0.7657590684343557,0.9634121149648766,0.9546983383656514,0.9397291265449155,0.9839290673615503,0.980799224641588,0.8278952141602834,0.8865810434023539,0.7822703321774801,0.7526354955302345,0.055555554487179526,0.055555537965872065,0.0555555256410396,0.4722222222222222,1.875e-05
156,0.9837648438625648,0.8274960410399516,0.8910697395684289,0.7871357818118861,0.7548600308230666,0.9640258790742513,0.9413583347410542,0.930704978176437,0.9748751061861632,0.9808428817325168,0.8452417420016395,0.8873312539524503,0.7984419365723928,0.7686668319834603,0.05448717845989484,0.05535521657071141,0.05446620103380466,0.4722222222222222,1.875e-05
157,0.9839002538899906,0.8319481953245694,0.8879797663844999,0.7872471897328486,0.7550573378312783,0.9662369399892788,0.9394672770471625,0.9359080435227922,0.9684144522322983,0.9806647201379141,0.8246176342169443,0.8928320937686496,0.7853137453397115,0.7554549144374,0.047008546268902066,0.05555553706186264,0.0555555256410396,0.4722222222222222,9.375e-06
158,0.984062765465408,0.8508489600947646,0.8899771072825448,0.8080655805400161,0.7764653387616892,0.9713676665130558,0.9503919811186705,0.9361967891254365,0.9456457525003151,0.9811195532480875,0.8352606428994073,0.8866984215047624,0.7900234129693773,0.7600394636392593,0.055555554487179526,0.055555537965872065,0.0555555256410396,0.4722222222222222,9.375e-06
159,0.98395174741745,0.8468033495496531,0.8888334035873413,0.8009130055787134,0.7687179143311548,0.9643959027887239,0.9422734892063448,0.9408134509611855,0.9673653020233405,0.9811937544080946,0.8295867310629951,0.8866184718079038,0.7842165496614244,0.754284691479471,0.055555554487179526,0.055555537965872065,0.0555555256410396,0.4722222222222222,9.375e-06
160,0.9836474637516209,0.8388299805219056,0.8919600473075616,0.7963135017723334,0.76402612006078,0.9658632883282513,0.9448075564238461,0.9365486292231828,0.986183907164902,0.9807446698347727,0.8069681690798866,0.8883145219749875,0.763077437877655,0.7330335925022761,0.047008546268902066,0.05555553706186264,0.0555555256410396,0.4722222222222222,9.375e-06
161,0.9837005255652256,0.844068922957436,0.8915695118122413,0.7976141308174759,0.7655266982610108,0.9663993750773929,0.9515950314522367,0.9430352671811874,0.9721979127555597,0.9809122615390353,0.8483801914585961,0.8801356156667074,0.7932048439979553,0.7635457201136483,0.055555554487179526,0.055555537965872065,0.0555555256410396,0.4722222222222222,9.375e-06
162,0.9838751163639006,0.8412920861947731,0.8882906016756277,0.7950530335551402,0.763504554013737,0.9567572813285344,0.9368394582479782,0.9320107689016384,0.9841128763605337,0.9811749458312988,0.8573777344491746,0.8787872162130144,0.8028604520691766,0.7734690739048852,0.055555554487179526,0.055555537965872065,0.0555555256410396,0.4722222222222222,9.375e-06
163,0.9836916874666684,0.8420586634854801,0.891920509885569,0.7991701393830971,0.767137674034619,0.9659544097479698,0.9478655363992464,0.9297767945485401,0.9709802357876887,0.9811258580949571,0.8701780041058859,0.8690335783693526,0.8058184848891364,0.777079262667232,0.04594017024161738,0.055355217474720844,0.05446620103380466,0.4722222222222222,9.375e-06
164,0.9837357362762826,0.8482648388284152,0.8908032696755206,0.8009614133443989,0.7686798494370257,0.9605631393137801,0.9462613199014867,0.9331289730274168,0.9857685517092221,0.9809733761681451,0.8422117498185899,0.8864594267474281,0.7951876024405161,0.7656310366259681,0.05448717845989484,0.05535521656992871,0.05446620103380466,0.4722222222222222,9.375e-06
165,0.9840990842365828,0.85093349120656,0.8897816744007048,0.8035478298781348,0.7720044333426679,0.9599826533553539,0.9462229233820227,0.9351165468334386,0.9664483080144788,0.9811999268001981,0.8648082580831316,0.8765755924913619,0.808393120765686,0.7790192580885358,0.04594017024161738,0.055355217474720844,0.05446620103380466,0.4722222222222222,9.375e-06
166,0.9837487760137339,0.8328264297031965,0.8920237724898291,0.7901750275346099,0.7580716209333451,0.9673285784005082,0.9464308950770204,0.9303710119294094,0.9841740942392193,0.9811700979868571,0.8502621120876737,0.8830184936523438,0.8003176781866286,0.7709093689918518,0.055555554487179526,0.055555537965872065,0.0555555256410396,0.4722222222222222,9.375e-06
167,0.983692934278582,0.8296501060001186,0.8938597851112241,0.7897742312462603,0.7575749627879409,0.9685107833789842,0.9554093941876379,0.9407415127226937,0.9494468393872996,0.9808419181240929,0.8164342741171519,0.8888120618131425,0.7741527689827813,0.7442743513319228,0.055555554487179526,0.055555537965872065,0.0555555256410396,0.4722222222222222,9.375e-06
168,0.983946219819491,0.8475435239369752,0.8857991255697657,0.800200638223867,0.7680767110136689,0.9600573977271508,0.9462953186558827,0.9310769855031267,0.9861739737088563,0.9811347590552436,0.8485231101512909,0.8828686243957944,0.7978654238912795,0.7683804449107912,0.047008546268902066,0.05555553706186264,0.0555555256410396,0.4722222222222222,9.375e-06
169,0.9836887472965679,0.8280409848103758,0.8922178960237347,0.7839298775938691,0.751814709335077,0.9593868279743429,0.9302379669838758,0.9305716840452178,0.9920574407108494,0.9810460143619113,0.8513268000549741,0.8780511584546831,0.7969069679578146,0.7675612568855286,0.055555554487179526,0.055555537965872065,0.0555555256410396,0.4722222222222222,9.375e-06
170,0.9839366009977998,0.8449510160039683,0.8905146317403825,0.8014358819508162,0.7689897105342052,0.9691770858619752,0.9454180049081837,0.936556876396691,0.9644686814214363,0.9806027942233615,0.8311700688468086,0.8941574229134454,0.7932628525627984,0.7632795721292496,0.054131053176820834,0.055555537965872065,0.0555555256410396,0.5163617001639472,9.375e-06
171,0.9841239745499658,0.8396106772735471,0.8896208845201086,0.7972636857970816,0.765545660355052,0.9636851257234389,0.944194428524923,0.933290131001911,0.9721970382283945,0.9811789459652371,0.8428807192378573,0.8800117472807566,0.7920669549041324,0.7624131639798483,0.055555554487179526,0.055555537965872065,0.0555555256410396,0.4722222222222222,9.375e-06
172,0.9839890149773144,0.847362820242272,0.8871712938683932,0.7994494682452717,0.7673676834731805,0.9672873523971521,0.9509470471134241,0.9462176363350402,0.9618530654516376,0.9809122880299886,0.8279959261417389,0.8895624412430657,0.785991777976354,0.7559703141450882,0.055555554487179526,0.055555537965872065,0.0555555256410396,0.4722222222222222,9.375e-06
173,0.9843012162896453,0.840772277019063,0.8932893178502067,0.798294759187542,0.7658713948531229,0.9666855315274971,0.958174291581806,0.9478807726213858,0.9752491976394028,0.9811107052697076,0.8579692708121406,0.8746449748675028,0.7999560005135007,0.77070076432493,0.047008546268902066,0.05555553706186264,0.0555555256410396,0.4722222222222222,4.6875e-06
174,0.9842283794137298,0.8484711314811081,0.889285744213667,0.8026138837220239,0.7708376479930565,0.9639386788327619,0.9536264852708457,0.9427224775988586,0.9679376258224738,0.9808895587921143,0.8220671614011129,0.8898617890146043,0.7803196873929765,0.7504743172062768,0.047008546268902066,0.05555553796534836,0.0555555256410396,0.4722222222222222,4.6875e-06
175,0.983989734141553,0.8510995810149146,0.8905415134351762,0.807359405228349,0.7752660972173097,0.9665919939866009,0.9519615943651475,0.9393604814469174,0.9701754011091639,0.9808250268300375,0.8372055457697974,0.8815435800287459,0.7873223556412591,0.7577535841200087,0.05003561224340703,0.05531412609228014,0.05446620103380466,0.5267560250229306,4.6875e-06
176,0.9838759430119248,0.8405633568763733,0.8921226644125141,0.7977130295800381,0.76540435435342,0.9665831912481821,0.9458169818102312,0.9379591172256978,0.9879448257508825,0.9810056686401367,0.8442080550723605,0.8812204566266801,0.7935722635851966,0.7642263687319226,0.047008546268902066,0.05555553706186264,0.0555555256410396,0.4722222222222222,4.6875e-06
177,0.9838709997349098,0.8421810728604676,0.8896553477302926,0.7963187460039483,0.7644190846896562,0.9677488689173456,0.9603146588155401,0.9448344670546098,0.9850099751206695,0.9809054798550076,0.8518610960907407,0.8748717506726583,0.7950749397277832,0.7657115707794825,0.055555554487179526,0.055555537965872065,0.0555555256410396,0.4722222222222222,4.6875e-06
178,0.9839478105795189,0.831093891722257,0.8934199976139381,0.7907116598770266,0.7590749908666141,0.963352892161724,0.9443528917383456,0.9366120400701831,0.9737372261578919,0.9809821976555718,0.8542076547940572,0.8789435227711996,0.7995158566368951,0.7701243211825689,0.05003561224340703,0.05531412609228014,0.05446620103380466,0.5245681173271604,4.6875e-06
179,0.9837298188053194,0.8389403175135128,0.8870146929240618,0.7922607318299716,0.7606619899390173,0.9657088240437143,0.9547232057253819,0.9406563680250323,0.9508511853999779,0.9810500939687093,0.8622271915276846,0.8747157785627577,0.8035512831475999,0.7743600275781419,0.055555554487179526,0.055555537965872065,0.0555555256410396,0.4722222222222222,4.6875e-06
180,0.9840582374666558,0.8400853217625227,0.890761426237763,0.7947855425662682,0.7627899167967624,0.9665160374277527,0.9534111374715949,0.937298740768538,0.9422094577648601,0.9810290336608887,0.8423085841867659,0.8806482884618971,0.79174076517423,0.7621121240986718,0.047008546268902066,0.05555553706186264,0.0555555256410396,0.4722222222222222,4.6875e-06
181,0.9840170281832336,0.8368461513128437,0.8922903459580218,0.7949341662594529,0.7624813025114966,0.9672717147129076,0.9584655962554821,0.9389336646495976,0.9667316137767229,0.981016026602851,0.8503292699654897,0.8780761294894748,0.7955157425668504,0.7661146736807294,0.05003561224340703,0.05531412609228014,0.05446620103380466,0.5241542590989007,4.6875e-06
182,0.9840018553811996,0.8441869831476055,0.8900311618554787,0.7983727953473075,0.766303409318455,0.9654804832436422,0.949937815043325,0.9369694757214106,0.953833842863802,0.981157037946913,0.8628872368070815,0.8711903095245361,0.7989265786276923,0.7701610525449117,0.05003561224340703,0.05531412609228014,0.05446620103380466,0.5191894306076897,4.6875e-06
183,0.9840105664534647,0.8366681190787769,0.8913216649508867,0.7928734949377717,0.760253225193649,0.9710824370453314,0.9584776522168387,0.9425570680976776,0.9557642975791556,0.9809510707855225,0.8297259642018212,0.8885919451713562,0.7870674000846015,0.7570630460977554,0.05003561224340703,0.05531412609228014,0.05446620103380466,0.5266136162810855,4.6875e-06
184,0.9837789760261285,0.8554845608648707,0.8882271168661899,0.8075296204598224,0.7753153052486357,0.9610149209293006,0.949262133338815,0.9347649331132818,0.9669838010287676,0.9809952312045627,0.8356950547960069,0.8870915737417009,0.7912356356779734,0.761206211315261,0.05003561224340703,0.05531412609228014,0.05446620103380466,0.5267355673842959,4.6875e-06
185,0.9840367661147821,0.8377712994325356,0.8899859766491124,0.7946245318553486,0.7628761959857628,0.9656440013784106,0.94521303711834,0.9340042904636376,0.9853307575475975,0.9808076487647163,0.8325508733590444,0.8888398475117154,0.790249334441291,0.7604432370927598,0.05003561224340703,0.05531412609228014,0.05446620103380466,0.5264511406421661,4.6875e-06
186,0.9839381595126918,0.8373082885976697,0.889850628180582,0.7933756865438868,0.761428530098962,0.966192295992231,0.9501343181291859,0.9373325992071647,0.9549528340824315,0.9810091389550103,0.8391380276944902,0.8845431605974833,0.7925259007347955,0.7628805041313171,0.055555554487179526,0.055555537965872065,0.0555555256410396,0.4722222222222222,4.6875e-06
187,0.9838860943669179,0.8311697772291841,0.8933570482691781,0.7893968693545608,0.7569100739525967,0.9678864688287953,0.9520891127847888,0.9335325719896457,0.9693993095491753,0.9810402393341064,0.8479432198736403,0.8794572816954719,0.7963251537746854,0.7668393982781304,0.05306267714953615,0.055314126091497454,0.05446620103380466,0.5207983553409576,4.6875e-06
188,0.9840607897180026,0.8491799733677848,0.886353325648386,0.8041783981635923,0.7725695928589242,0.9723487041058292,0.9598352977822088,0.9534873669995884,0.9642695706398761,0.980973482131958,0.8453650739457872,0.8801387747128805,0.7932411266697778,0.7637940910127428,0.055555554487179526,0.055555537965872065,0.0555555256410396,0.4722222222222222,4.6875e-06
189,0.9841886534065497,0.8431770273896514,0.8909879668814237,0.8001335018970928,0.7685654818034563,0.9690464378731805,0.9523289656136786,0.9439998158846898,0.9535490176716789,0.9810775915781657,0.8375186026096344,0.8834676345189413,0.7884528040885925,0.7588136361704932,0.055555554487179526,0.055555537965872065,0.0555555256410396,0.4722222222222222,2.34375e-06
190,0.9840458152724094,0.8507423176140082,0.8878556274976886,0.8036204469008524,0.7719338037928597,0.961962983356191,0.9456448882802466,0.9290212768564527,0.9682863364454175,0.9811686939663358,0.8447144528230032,0.8823705878522661,0.79478430085712,0.7652820083830092,0.055555554487179526,0.055555537965872065,0.0555555256410396,0.4722222222222222,2.34375e-06
191,0.9842047124612526,0.8507564996109634,0.8932895230465248,0.8078896334913911,0.7756234514908712,0.9679618454204656,0.958317967074859,0.9464779429507361,0.9720263979474052,0.9811317655775282,0.8544919490814209,0.8804861340257857,0.8022080759207407,0.7727076907952627,0.055555554487179526,0.055555537965872065,0.0555555256410396,0.4722222222222222,2.34375e-06
192,0.9838523630236016,0.83670545796879,0.8894935338223566,0.7906186903109316,0.7581441500147835,0.9663141071129173,0.945006496251726,0.9386352101502894,0.9684499189501903,0.9810269673665365,0.8335029747751024,0.8855106929937998,0.7880498833126492,0.7584317376216253,0.055555554487179526,0.055555537965872065,0.0555555256410396,0.4722222222222222,2.34375e-06
193,0.9839677771583932,0.8393009422255344,0.8884749041228998,0.7917092129832408,0.7596226432284371,0.964352937370568,0.9425610001878455,0.9343451407338759,0.95703987019961,0.9809099303351508,0.8334585924943289,0.8855241768889957,0.787925554646386,0.7583666344483694,0.05003561224340703,0.05531412609228014,0.05446620103380466,0.5220129953490363,2.34375e-06
194,0.9839161536732658,0.8340451834631748,0.8939331183668042,0.7918006347828224,0.75923012807721,0.9681366690364499,0.9492572850485383,0.9386920861057255,0.9924760763762427,0.9809989664289687,0.8507307536072202,0.8799543380737305,0.8001255558596717,0.7706780566109551,0.055555554487179526,0.055555537965872065,0.0555555256410396,0.4722222222222222,2.34375e-06
195,0.9839806761897978,0.8297673072971281,0.8912194117170865,0.786231918413131,0.7539238939519788,0.9603272880322758,0.9379147956419499,0.9283646319744008,0.9873702389294984,0.9811919530232748,0.8619441489378611,0.878670271899965,0.8078622486856248,0.778578519821167,0.055555554487179526,0.055555537965872065,0.0555555256410396,0.4722222222222222,2.34375e-06
196,0.9840572017138122,0.8450651843039716,0.8915294799648348,0.8019640641134294,0.7700428610942402,0.9684608645077022,0.9508176395832793,0.9397556243549194,0.9846075675526603,0.9810567431979709,0.8482548793156942,0.8836285471916199,0.800701595014996,0.7711391548315684,0.055555554487179526,0.055555537965872065,0.0555555256410396,0.4722222222222222,2.34375e-06
197,0.9842326123206342,0.8406804868432342,0.8906261549621332,0.7958080094368731,0.7638319271509765,0.9645970026253321,0.9551908872329337,0.9407691920052832,0.9726945718780893,0.9810234705607096,0.8382892575528886,0.8861369093259176,0.7915153106053671,0.7619216839472452,0.047008546268902066,0.05555553706186264,0.0555555256410396,0.4722222222222222,2.34375e-06
198,0.9839987021977784,0.8452726876149412,0.8912958414828192,0.8026739945177173,0.7704240044609445,0.9753621772266999,0.967977585050022,0.9539986495593775,0.9904689505452016,0.981026464038425,0.8341015113724602,0.8835772540834215,0.7872449258963267,0.7574330800109439,0.05003561224340703,0.05531412609228014,0.05446620103380466,0.5252885222434998,2.34375e-06
199,0.9841244025308578,0.837237081566795,0.8910187258095038,0.7965227658631372,0.7643687412387035,0.9688043675398643,0.9538056573772109,0.9290150892597974,0.9811055435508979,0.9810639752282037,0.8411162992318472,0.8831594387690226,0.793803956773546,0.76406539314323,0.05003561224340703,0.05531412609228014,0.05446620103380466,0.524000797006819,2.34375e-06
200,0.9840665410776608,0.8422527713853805,0.8913796114139869,0.8006959840899608,0.7687327646818317,0.9709788756804065,0.9572772832501439,0.9436276397808983,0.9541427190186548,0.981138202879164,0.8589636153644986,0.8786459200912051,0.8047497338718839,0.7753346247805489,0.05003561224340703,0.05531412609228014,0.05446620103380466,0.5224893059995439,2.34375e-06
