dataset,split,index,gt_present,pred_present_instance,pred_present_area,image_score,max_prob,pred_fg_fraction,pixel_f1,pixel_iou,pixel_precision,pixel_recall
landslide4sense,val,0,1,1,1,1.0,1.0,0.034881591796875,0.3625417947769165,0.22140522301197052,0.23709535598754883,0.7698863744735718
landslide4sense,val,1,1,1,1,1.0,1.0,0.006622314453125,0.4259520471096039,0.2706093192100525,0.695852518081665,0.30691057443618774
landslide4sense,val,2,1,1,1,1.0,1.0,0.0203704833984375,0.8542459011077881,0.7455752491950989,0.7573033571243286,0.979651153087616
landslide4sense,val,3,1,1,1,1.0,1.0,0.1470947265625,0.8129537105560303,0.68485426902771,0.7434647083282471,0.8967717885971069
landslide4sense,val,4,0,0,0,0.0,0.00994991883635521,0.0,1.0,1.0,1.0,1.0
landslide4sense,val,5,1,1,1,1.0,1.0,0.0025177001953125,0.6744868159294128,0.508849561214447,0.6969696879386902,0.6534090638160706
landslide4sense,val,6,1,1,1,1.0,1.0,0.11187744140625,0.8430923819541931,0.7287465333938599,0.7540916800498962,0.9559128880500793
landslide4sense,val,7,0,0,0,0.0,0.0007942572119645774,0.0,1.0,1.0,1.0,1.0
landslide4sense,val,8,1,1,1,1.0,1.0,0.1132659912109375,0.8547213673591614,0.7462999224662781,0.815169095993042,0.8983076214790344
landslide4sense,val,9,0,0,0,0.0,0.2876814603805542,0.0,1.0,1.0,1.0,1.0
landslide4sense,val,10,1,1,1,1.0,1.0,0.0019378662109375,0.4780876636505127,0.3141361176967621,0.4724409580230713,0.4838709533214569
landslide4sense,val,11,1,1,1,1.0,1.0,0.0027008056640625,0.3580952286720276,0.21809744834899902,0.5310734510421753,0.270114928483963
landslide4sense,val,12,1,1,1,1.0,1.0,0.0695037841796875,0.7425582408905029,0.5905309319496155,0.8570801019668579,0.655033528804779
landslide4sense,val,13,1,1,1,1.0,1.0,0.12860107421875,0.8411778807640076,0.7258904576301575,0.8270052075386047,0.8558447957038879
landslide4sense,val,14,1,1,1,1.0,1.0,0.1149749755859375,0.8797377347946167,0.7852962613105774,0.854810893535614,0.9061620831489563
landslide4sense,val,15,1,1,1,1.0,1.0,0.0081787109375,0.5104712247848511,0.34270650148391724,0.7276119589805603,0.3931451737880707
landslide4sense,val,16,1,1,1,1.0,1.0,0.0047760009765625,0.2675535976886749,0.154436856508255,0.5782747864723206,0.17403845489025116
landslide4sense,val,17,1,1,1,1.0,1.0,0.03656005859375,0.6029411554336548,0.43157893419265747,0.6673622727394104,0.5498624444007874
landslide4sense,val,18,0,0,0,0.0,0.0005070122424513102,0.0,1.0,1.0,1.0,1.0
landslide4sense,val,19,1,1,1,1.0,1.0,0.042755126953125,0.7843866348266602,0.6452599167823792,0.6777302026748657,0.9308823347091675
landslide4sense,val,20,1,1,1,1.0,1.0,0.0138092041015625,0.7584569454193115,0.6108986735343933,0.7060773372650146,0.8192307949066162
landslide4sense,val,21,1,1,1,0.9999946355819702,0.9999946355819702,0.0040740966796875,0.7762906551361084,0.6343749761581421,0.7602996230125427,0.79296875
landslide4sense,val,22,0,0,0,0.0,0.0035245318431407213,0.0,1.0,1.0,1.0,1.0
landslide4sense,val,23,0,0,0,0.0,0.0025144803803414106,0.0,1.0,1.0,1.0,1.0
landslide4sense,val,24,1,1,1,1.0,1.0,0.0702362060546875,0.7481345534324646,0.5976157784461975,0.7514664530754089,0.7448320388793945
landslide4sense,val,25,1,0,0,0.0,0.8062030673027039,7.62939453125e-05,0.056497178971767426,0.029069773852825165,1.0,0.029069773852825165
landslide4sense,val,26,0,0,0,0.0,0.0004589673480950296,0.0,1.0,1.0,1.0,1.0
landslide4sense,val,27,0,0,0,0.0,0.0009011572692543268,0.0,1.0,1.0,1.0,1.0
landslide4sense,val,28,1,1,1,1.0,1.0,0.0520477294921875,0.5608969926834106,0.3897545635700226,0.5866314768791199,0.5373254418373108
landslide4sense,val,29,0,0,0,0.0,0.20935912430286407,0.0,1.0,1.0,1.0,1.0
landslide4sense,val,30,0,0,0,0.0,0.000496807275339961,0.0,1.0,1.0,1.0,1.0
landslide4sense,val,31,1,1,1,1.0,1.0,0.04522705078125,0.7716049551963806,0.6281406879425049,0.7169365882873535,0.8352987170219421
landslide4sense,val,32,1,1,1,1.0,1.0,0.0081939697265625,0.718367338180542,0.5605095624923706,0.8193668723106384,0.6395348906517029
landslide4sense,val,33,1,1,1,1.0,1.0,0.0050201416015625,0.908527135848999,0.8323863744735718,0.890577495098114,0.9272152185440063
landslide4sense,val,34,1,1,1,1.0,1.0,0.0029144287109375,0.3847874701023102,0.23822714388370514,0.45026177167892456,0.3359375
landslide4sense,val,35,1,1,1,1.0,1.0,0.0035247802734375,0.8442437648773193,0.73046875,0.8095238208770752,0.8820754885673523
landslide4sense,val,36,0,1,1,1.0,1.0,0.0029449462890625,5.181347351168597e-09,5.181347351168597e-09,5.181347351168597e-09,1.0
landslide4sense,val,37,0,0,0,0.0,0.0013099019415676594,0.0,1.0,1.0,1.0,1.0
landslide4sense,val,38,0,0,0,0.0,0.00014817845658399165,0.0,1.0,1.0,1.0,1.0
landslide4sense,val,39,0,0,0,0.0,0.06567193567752838,0.0,1.0,1.0,1.0,1.0
landslide4sense,val,40,0,0,0,0.0,0.0005157199339009821,0.0,1.0,1.0,1.0,1.0
landslide4sense,val,41,0,0,0,0.0,0.0005477371159940958,0.0,1.0,1.0,1.0,1.0
landslide4sense,val,42,0,0,0,0.0,0.004382241051644087,0.0,1.0,1.0,1.0,1.0
landslide4sense,val,43,0,0,0,0.0,9.661927470006049e-05,0.0,1.0,1.0,1.0,1.0
landslide4sense,val,44,1,1,1,1.0,1.0,0.0369873046875,0.4762747883796692,0.3125726282596588,0.5548679828643799,0.41718363761901855
landslide4sense,val,45,0,0,0,0.0,0.0005169956712052226,0.0,1.0,1.0,1.0,1.0
landslide4sense,val,46,0,0,0,0.0,0.00582238519564271,0.0,1.0,1.0,1.0,1.0
landslide4sense,val,47,1,0,0,0.0,0.0004688365734182298,0.0,1.3157894329651754e-08,1.3157894329651754e-08,1.0,1.3157894329651754e-08
landslide4sense,val,48,1,1,1,1.0,1.0,0.0777740478515625,0.8911412358283997,0.8036561608314514,0.8969982266426086,0.8853601813316345
landslide4sense,val,49,0,0,0,0.0,0.00040118073229677975,0.0,1.0,1.0,1.0,1.0
landslide4sense,val,50,0,0,0,0.0,0.00048145194887183607,0.0,1.0,1.0,1.0,1.0
landslide4sense,val,51,0,0,0,0.0,0.00037318302202038467,0.0,1.0,1.0,1.0,1.0
landslide4sense,val,52,1,1,1,1.0,1.0,0.04278564453125,0.6772540807723999,0.5120062232017517,0.7072039842605591,0.6497378945350647
landslide4sense,val,53,0,0,0,0.0,0.00043418866698630154,0.0,1.0,1.0,1.0,1.0
landslide4sense,val,54,0,0,0,0.0,0.7050759196281433,6.103515625e-05,2.499999425253918e-07,2.499999425253918e-07,2.499999425253918e-07,1.0
landslide4sense,val,55,0,0,0,0.0,0.00022753942175768316,0.0,1.0,1.0,1.0,1.0
landslide4sense,val,56,1,1,1,1.0,1.0,0.079254150390625,0.8581408858299255,0.7515295743942261,0.8513669371604919,0.8650234937667847
landslide4sense,val,57,1,1,1,1.0,1.0,0.0390472412109375,0.528485894203186,0.35914433002471924,0.4658069610595703,0.6106557250022888
landslide4sense,val,58,0,1,1,1.0,1.0,0.00164794921875,9.259259137195386e-09,9.259259137195386e-09,9.259259137195386e-09,1.0
landslide4sense,val,59,1,1,1,1.0,1.0,0.0218963623046875,0.6521320939064026,0.4838249385356903,0.708710789680481,0.603919267654419
landslide4sense,val,60,0,1,1,0.9996452331542969,0.9996452331542969,0.0013580322265625,1.1235955277300036e-08,1.1235955277300036e-08,1.1235955277300036e-08,1.0
landslide4sense,val,61,1,0,0,0.0,0.0008545601740479469,0.0,1.5624999960550667e-08,1.5624999960550667e-08,1.0,1.5624999960550667e-08
landslide4sense,val,62,1,1,1,1.0,1.0,0.05059814453125,0.735876739025116,0.5821241736412048,0.604945719242096,0.9391385912895203
landslide4sense,val,63,0,0,0,0.0,0.007197034079581499,0.0,1.0,1.0,1.0,1.0
landslide4sense,val,64,1,1,1,1.0,1.0,0.030517578125,0.6438434720039368,0.47475603222846985,0.559499979019165,0.7581300735473633
landslide4sense,val,65,1,1,1,1.0,1.0,0.008941650390625,0.6185566782951355,0.447761207818985,0.9215016961097717,0.4655172526836395
landslide4sense,val,66,1,1,1,1.0,1.0,0.010589599609375,0.6751322746276855,0.5095846652984619,0.9193083643913269,0.5334448218345642
landslide4sense,val,67,1,1,1,1.0,1.0,0.063629150390625,0.8036478161811829,0.6717485189437866,0.8558753132820129,0.7574278712272644
landslide4sense,val,68,1,1,1,1.0,1.0,0.004425048828125,0.5831485390663147,0.4115805923938751,0.9068965315818787,0.4297385513782501
landslide4sense,val,69,1,0,0,0.0,0.0006841139402240515,0.0,1.2499998547355062e-07,1.2499998547355062e-07,1.0,1.2499998547355062e-07
landslide4sense,val,70,1,0,0,0.0,0.0003385213203728199,0.0,1.3888889149882289e-08,1.3888889149882289e-08,1.0,1.3888889149882289e-08
landslide4sense,val,71,1,1,1,1.0,1.0,0.0230865478515625,0.576416552066803,0.4049053490161896,0.6219431757926941,0.5371004343032837
landslide4sense,val,72,0,0,0,0.0,0.0008219401934184134,0.0,1.0,1.0,1.0,1.0
landslide4sense,val,73,1,1,1,1.0,1.0,0.174285888671875,0.703001081943512,0.5420213937759399,0.8305900692939758,0.6093910336494446
landslide4sense,val,74,0,0,0,0.0,0.0008621936431154609,0.0,1.0,1.0,1.0,1.0
landslide4sense,val,75,0,0,0,0.0,0.0010631836485117674,0.0,1.0,1.0,1.0,1.0
landslide4sense,val,76,1,1,1,1.0,1.0,0.0007171630859375,1.0989010590378712e-08,1.0989010590378712e-08,2.1276596484653965e-08,2.2727272508404894e-08
landslide4sense,val,77,1,1,1,1.0,1.0,0.065887451171875,0.6097452640533447,0.4385853111743927,0.6375637054443359,0.5842529535293579
landslide4sense,val,78,1,0,0,0.0,0.16361267864704132,0.0,4.9999993478877514e-08,4.9999993478877514e-08,1.0,4.9999993478877514e-08
landslide4sense,val,79,1,1,1,1.0,1.0,0.028717041015625,0.7477713823318481,0.5971524119377136,0.7577045559883118,0.738095223903656
landslide4sense,val,80,1,1,1,1.0,1.0,0.015655517578125,0.18361954391002655,0.10109090805053711,0.13547758758068085,0.2848360538482666
landslide4sense,val,81,1,1,1,1.0,1.0,0.0634002685546875,0.7601727247238159,0.6131278872489929,0.6991576552391052,0.8328555226325989
landslide4sense,val,82,1,1,1,1.0,1.0,0.21728515625,0.8608303666114807,0.7556647658348083,0.885252833366394,0.8377193212509155
landslide4sense,val,83,1,1,1,1.0,1.0,0.00811767578125,0.7697160840034485,0.6256410479545593,0.9172932505607605,0.6630434989929199
landslide4sense,val,84,1,1,1,1.0,1.0,0.0369110107421875,0.5760695934295654,0.4045630395412445,0.8210003972053528,0.4436997175216675
landslide4sense,val,85,0,0,0,0.0,1.5736271961941384e-05,0.0,1.0,1.0,1.0,1.0
landslide4sense,val,86,0,0,0,0.0,0.00048623315524309874,0.0,1.0,1.0,1.0,1.0
landslide4sense,val,87,1,1,1,1.0,1.0,0.002105712890625,0.652482271194458,0.4842105209827423,0.6666666865348816,0.6388888955116272
landslide4sense,val,88,1,1,1,1.0,1.0,0.0115203857421875,0.4753105938434601,0.3117425739765167,0.9880794882774353,0.3129194676876068
landslide4sense,val,89,1,1,1,1.0,1.0,0.0576934814453125,0.7948682308197021,0.6595696210861206,0.7619677186012268,0.8307381868362427
landslide4sense,val,90,0,0,0,0.0,0.003834233619272709,0.0,1.0,1.0,1.0,1.0
landslide4sense,val,91,0,0,0,0.0,0.012072100304067135,0.0,1.0,1.0,1.0,1.0
landslide4sense,val,92,0,0,0,0.0,0.0008445529965683818,0.0,1.0,1.0,1.0,1.0
landslide4sense,val,93,0,1,1,1.0,1.0,0.0010528564453125,1.4492753663830626e-08,1.4492753663830626e-08,1.4492753663830626e-08,1.0
landslide4sense,val,94,1,1,1,1.0,1.0,0.0084991455078125,0.4693641662597656,0.30664652585983276,0.36445242166519165,0.6590909361839294
landslide4sense,val,95,1,0,0,0.0,0.672771692276001,6.103515625e-05,1.666666626931601e-08,1.666666626931601e-08,2.499999425253918e-07,1.785714331958843e-08
landslide4sense,val,96,1,0,0,0.0,0.9471830129623413,0.0001678466796875,0.09708739072084427,0.05102041736245155,0.4545454978942871,0.05434783548116684
landslide4sense,val,97,1,0,0,0.0,0.5551631450653076,0.0,3.834355888354679e-10,3.834355888354679e-10,1.0,3.834355888354679e-10
landslide4sense,val,98,1,0,0,0.0,0.0008135615498758852,0.0,1.1363636254202447e-08,1.1363636254202447e-08,1.0,1.1363636254202447e-08
landslide4sense,val,99,0,1,1,0.9999983310699463,0.9999983310699463,0.000885009765625,1.724137987935137e-08,1.724137987935137e-08,1.724137987935137e-08,1.0
landslide4sense,val,100,0,0,0,0.0,0.0004928057896904647,0.0,1.0,1.0,1.0,1.0
landslide4sense,val,101,1,0,0,0.0,0.3431142568588257,0.0,3.4246574465157664e-09,3.4246574465157664e-09,1.0,3.4246574465157664e-09
landslide4sense,val,102,1,1,1,1.0,1.0,0.026947021484375,0.9050809741020203,0.8266190886497498,0.9178935289382935,0.8926211595535278
landslide4sense,val,103,0,0,0,0.0,3.994123835582286e-05,0.0,1.0,1.0,1.0,1.0
landslide4sense,val,104,0,0,0,0.0,0.0006540389731526375,0.0,1.0,1.0,1.0,1.0
landslide4sense,val,105,1,1,1,1.0,1.0,0.00543212890625,0.4431818127632141,0.2846715450286865,0.32865169644355774,0.680232584476471
landslide4sense,val,106,1,1,1,1.0,1.0,0.0132904052734375,0.7149825692176819,0.5563991069793701,0.5889781713485718,0.9095744490623474
landslide4sense,val,107,1,1,1,1.0,1.0,0.050567626953125,0.6991538405418396,0.5374608635902405,0.6732046008110046,0.7271838188171387
landslide4sense,val,108,0,0,0,0.0,0.0008147854241542518,0.0,1.0,1.0,1.0,1.0
landslide4sense,val,109,1,1,1,1.0,1.0,0.058349609375,0.6634559035301208,0.49639660120010376,0.5944037437438965,0.7506604790687561
landslide4sense,val,110,0,0,0,0.0,0.000871495227329433,0.0,1.0,1.0,1.0,1.0
landslide4sense,val,111,0,0,0,0.0,4.7745579649927095e-05,0.0,1.0,1.0,1.0,1.0
landslide4sense,val,112,0,0,0,0.0,0.6430257558822632,1.52587890625e-05,9.99999087980541e-07,9.99999087980541e-07,9.99999087980541e-07,1.0
landslide4sense,val,113,1,1,1,1.0,1.0,0.00372314453125,0.02177700400352478,0.0110083669424057,0.10245902091264725,0.01218323688954115
landslide4sense,val,114,0,1,1,1.0,1.0,0.0039215087890625,3.8910505928413386e-09,3.8910505928413386e-09,3.8910505928413386e-09,1.0
landslide4sense,val,115,1,1,1,1.0,1.0,0.0121917724609375,0.44678810238838196,0.287654310464859,0.2916145324707031,0.9549180269241333
landslide4sense,val,116,1,1,1,1.0,1.0,0.061859130859375,0.7903270125389099,0.6533393859863281,0.709422767162323,0.8920595645904541
landslide4sense,val,117,0,0,0,0.0,0.37135499715805054,0.0,1.0,1.0,1.0,1.0
landslide4sense,val,118,0,1,1,0.9995933175086975,0.9995933175086975,0.00067138671875,2.2727272508404894e-08,2.2727272508404894e-08,2.2727272508404894e-08,1.0
landslide4sense,val,119,1,1,1,1.0,1.0,0.0177764892578125,0.7345427870750427,0.5804564356803894,0.8515021204948425,0.6458333134651184
landslide4sense,val,120,1,1,1,1.0,1.0,0.086212158203125,0.7737470269203186,0.6309848427772522,0.8607079386711121,0.7027456760406494
landslide4sense,val,121,0,0,0,0.0,0.012327609583735466,0.0,1.0,1.0,1.0,1.0
landslide4sense,val,122,0,0,0,0.0,0.0010092017473652959,0.0,1.0,1.0,1.0,1.0
landslide4sense,val,123,1,0,0,0.0,0.015843985602259636,0.0,2.427184453424047e-09,2.427184453424047e-09,1.0,2.427184453424047e-09
landslide4sense,val,124,0,0,0,0.0,0.0009221555083058774,0.0,1.0,1.0,1.0,1.0
landslide4sense,val,125,1,1,1,1.0,1.0,0.008209228515625,0.27734649181365967,0.160999596118927,0.7304832935333252,0.171167254447937
landslide4sense,val,126,0,0,0,0.0,0.005550456698983908,0.0,1.0,1.0,1.0,1.0
landslide4sense,val,127,0,0,0,0.0,0.001360572874546051,0.0,1.0,1.0,1.0,1.0
landslide4sense,val,128,0,0,0,0.0,0.0001230292982654646,0.0,1.0,1.0,1.0,1.0
landslide4sense,val,129,1,1,1,1.0,1.0,0.0675201416015625,0.6740062832832336,0.5083027482032776,0.6571751236915588,0.6917221546173096
landslide4sense,val,130,1,1,1,1.0,1.0,0.0854034423828125,0.5211887359619141,0.3524376153945923,0.4339824914932251,0.652255654335022
landslide4sense,val,131,0,0,0,0.0,0.003916000947356224,0.0,1.0,1.0,1.0,1.0
landslide4sense,val,132,1,1,1,1.0,1.0,0.0086212158203125,0.4720138609409332,0.30891239643096924,0.7238938212394714,0.3501712381839752
landslide4sense,val,133,1,1,1,1.0,1.0,0.0088958740234375,0.7057745456695557,0.545325756072998,0.6603773832321167,0.7578740119934082
landslide4sense,val,134,0,0,0,0.0,0.0026555019430816174,0.0,1.0,1.0,1.0,1.0
landslide4sense,val,135,1,1,1,1.0,1.0,0.001800537109375,0.8547008633613586,0.746268630027771,0.8474576473236084,0.8620689511299133
landslide4sense,val,136,1,1,1,1.0,1.0,0.0091552734375,0.28297871351242065,0.16480793058872223,0.22166666388511658,0.3911764621734619
landslide4sense,val,137,1,1,1,1.0,1.0,0.0084381103515625,0.8023159503936768,0.669889509677887,0.8770343661308289,0.7393292784690857
landslide4sense,val,138,0,0,0,0.0,0.0008141706930473447,0.0,1.0,1.0,1.0,1.0
landslide4sense,val,139,0,0,0,0.0,0.00013438529276754707,0.0,1.0,1.0,1.0,1.0
landslide4sense,val,140,0,0,0,0.0,0.0006336762453429401,0.0,1.0,1.0,1.0,1.0
landslide4sense,val,141,1,1,1,1.0,1.0,0.08953857421875,0.7470588088035583,0.5962441563606262,0.6709270477294922,0.8426797986030579
landslide4sense,val,142,1,0,0,0.0,0.7889996767044067,3.0517578125e-05,1.9455252964206693e-09,1.9455252964206693e-09,4.999997713639459e-07,1.9531249950688334e-09
landslide4sense,val,143,0,0,0,0.0,0.0017522398848086596,0.0,1.0,1.0,1.0,1.0
landslide4sense,val,144,1,1,1,1.0,1.0,0.108245849609375,0.7632330656051636,0.6171196103096008,0.7906681895256042,0.7376380562782288
landslide4sense,val,145,1,1,1,0.9999762773513794,0.9999762773513794,0.0018310546875,0.22727273404598236,0.12820513546466827,1.0,0.12820513546466827
landslide4sense,val,146,1,0,0,0.0,0.0005232701660133898,0.0,1.666666626931601e-08,1.666666626931601e-08,1.0,1.666666626931601e-08
landslide4sense,val,147,0,0,0,0.0,0.41979914903640747,0.0,1.0,1.0,1.0,1.0
landslide4sense,val,148,1,1,1,1.0,1.0,0.0236358642578125,0.4030935764312744,0.2524215281009674,0.8411878347396851,0.2650528848171234
landslide4sense,val,149,1,1,1,1.0,1.0,0.02545166015625,0.42874038219451904,0.27286413311958313,0.8693045377731323,0.2845368981361389
landslide4sense,val,150,1,1,1,1.0,1.0,0.1235809326171875,0.9062836170196533,0.8286276459693909,0.8841832280158997,0.9295171499252319
landslide4sense,val,151,1,1,1,1.0,1.0,0.071990966796875,0.8621243238449097,0.7576612830162048,0.796523928642273,0.9394999742507935
landslide4sense,val,152,1,1,1,1.0,1.0,0.008697509765625,0.5467196702957153,0.3761969804763794,0.48245614767074585,0.6307339668273926
landslide4sense,val,153,0,0,0,0.0,7.979846850503236e-05,0.0,1.0,1.0,1.0,1.0
landslide4sense,val,154,0,0,0,0.0,0.0010097268968820572,0.0,1.0,1.0,1.0,1.0
landslide4sense,val,155,0,0,0,0.0,0.9997251629829407,0.0001983642578125,7.692307235629414e-08,7.692307235629414e-08,7.692307235629414e-08,1.0
landslide4sense,val,156,0,0,0,0.0,0.0008347532711923122,0.0,1.0,1.0,1.0,1.0
landslide4sense,val,157,0,0,0,0.0,0.9042351245880127,0.0001373291015625,1.111110989882036e-07,1.111110989882036e-07,1.111110989882036e-07,1.0
landslide4sense,val,158,1,1,1,1.0,1.0,0.0395050048828125,0.9532710313796997,0.9107142686843872,0.9258400797843933,0.9823770523071289
landslide4sense,val,159,1,1,1,0.9811838865280151,0.9856016039848328,0.001617431640625,0.046109508723020554,0.023598823696374893,0.15094341337680817,0.027210887521505356
landslide4sense,val,160,0,0,0,0.0,0.00033155918936245143,0.0,1.0,1.0,1.0,1.0
landslide4sense,val,161,0,0,1,0.0,0.9306864142417908,0.0006561279296875,2.3255813275113724e-08,2.3255813275113724e-08,2.3255813275113724e-08,1.0
landslide4sense,val,162,1,1,1,1.0,1.0,0.0088043212890625,0.5495935082435608,0.37892377376556396,0.8786828517913818,0.3998422622680664
landslide4sense,val,163,0,0,0,0.0,0.0002707208914216608,0.0,1.0,1.0,1.0,1.0
landslide4sense,val,164,1,1,1,1.0,1.0,0.1662139892578125,0.865249514579773,0.7625019550323486,0.887450635433197,0.8441320061683655
landslide4sense,val,165,0,0,0,0.0,0.00020250232773832977,0.0,1.0,1.0,1.0,1.0
landslide4sense,val,166,0,0,0,0.0,0.0007567028515040874,0.0,1.0,1.0,1.0,1.0
landslide4sense,val,167,1,1,1,1.0,1.0,0.152191162109375,0.6145309209823608,0.4435544013977051,0.47744134068489075,0.8620564937591553
landslide4sense,val,168,0,0,0,0.0,0.00478731095790863,0.0,1.0,1.0,1.0,1.0
landslide4sense,val,169,1,1,1,0.9999998807907104,0.9999998807907104,0.01654052734375,0.20876963436603546,0.11655096709728241,0.29428043961524963,0.1617647111415863
landslide4sense,val,170,1,1,1,1.0,1.0,0.0283203125,0.5234017968177795,0.3544646203517914,0.4940732717514038,0.5564320683479309
landslide4sense,val,171,0,0,0,0.0,0.09247169643640518,0.0,1.0,1.0,1.0,1.0
landslide4sense,val,172,1,1,1,1.0,1.0,0.03497314453125,0.7483870983123779,0.5979381203651428,0.8097731471061707,0.695652186870575
landslide4sense,val,173,1,1,1,1.0,1.0,0.009490966796875,0.4935370087623596,0.32761311531066895,0.6752411723136902,0.3888888955116272
landslide4sense,val,174,1,1,1,1.0,1.0,0.0473785400390625,0.7984366416931152,0.6644981503486633,0.6908212304115295,0.9457672238349915
landslide4sense,val,175,1,1,1,1.0,1.0,0.0033111572265625,0.5763440728187561,0.4048338234424591,0.617511510848999,0.5403226017951965
landslide4sense,val,176,1,1,1,1.0,1.0,0.0097503662109375,0.7690892219543457,0.6248131394386292,0.6541470885276794,0.9330357313156128
landslide4sense,val,177,1,1,1,1.0,1.0,0.004425048828125,0.4000000059604645,0.25,0.37931033968925476,0.42307692766189575
landslide4sense,val,178,1,1,1,1.0,1.0,0.0076446533203125,0.44884487986564636,0.28936171531677246,0.9500998258590698,0.2938271462917328
landslide4sense,val,179,0,0,0,0.0,0.0008974843076430261,0.0,1.0,1.0,1.0,1.0
landslide4sense,val,180,0,0,0,0.0,0.0027065046597272158,0.0,1.0,1.0,1.0,1.0
landslide4sense,val,181,0,0,0,0.0,0.002243631286546588,0.0,1.0,1.0,1.0,1.0
landslide4sense,val,182,0,0,0,0.0,0.00038752268301323056,0.0,1.0,1.0,1.0,1.0
landslide4sense,val,183,1,0,0,0.0,0.2988664209842682,0.0,4.629629568597693e-09,4.629629568597693e-09,1.0,4.629629568597693e-09
landslide4sense,val,184,0,1,1,0.9999969005584717,0.9999969005584717,0.001739501953125,8.771929849160642e-09,8.771929849160642e-09,8.771929849160642e-09,1.0
landslide4sense,val,185,0,0,0,0.0,0.02482500858604908,0.0,1.0,1.0,1.0,1.0
landslide4sense,val,186,1,1,1,1.0,1.0,0.0893096923828125,0.7415241599082947,0.5892239809036255,0.6408679485321045,0.879690408706665
landslide4sense,val,187,0,0,0,0.0,0.0001759253063937649,0.0,1.0,1.0,1.0,1.0
landslide4sense,val,188,1,1,1,1.0,1.0,0.0131072998046875,0.7874175310134888,0.649372398853302,0.903376042842865,0.6978417038917542
landslide4sense,val,189,0,1,1,1.0,1.0,0.00830078125,1.8382353417223385e-09,1.8382353417223385e-09,1.8382353417223385e-09,1.0
landslide4sense,val,190,1,1,1,1.0,1.0,0.2238616943359375,0.8475376963615417,0.7354146838188171,0.7947651743888855,0.9078168869018555
landslide4sense,val,191,0,0,0,0.0,0.0004213297797832638,0.0,1.0,1.0,1.0,1.0
landslide4sense,val,192,1,1,1,1.0,1.0,0.0448760986328125,0.6463543772697449,0.4774915874004364,0.7249234914779663,0.5831509828567505
landslide4sense,val,193,1,1,1,1.0,1.0,0.0072784423828125,0.89180988073349,0.80474454164505,0.9245283007621765,0.861328125
landslide4sense,val,194,1,1,1,1.0,1.0,0.095245361328125,0.7213895320892334,0.5641980767250061,0.8250560760498047,0.6408661007881165
landslide4sense,val,195,1,1,1,1.0,1.0,0.0067138671875,0.7427983283996582,0.5908346772193909,0.8204545378684998,0.6785714030265808
landslide4sense,val,196,0,0,0,0.0,0.0012954792473465204,0.0,1.0,1.0,1.0,1.0
landslide4sense,val,197,1,1,1,1.0,1.0,0.019500732421875,0.6088812947273254,0.4376918375492096,0.557902991771698,0.6701127886772156
landslide4sense,val,198,0,1,1,0.9938588738441467,0.9938588738441467,0.0006256103515625,2.4390244490746227e-08,2.4390244490746227e-08,2.4390244490746227e-08,1.0
landslide4sense,val,199,1,1,1,1.0,1.0,0.0418243408203125,0.5512030124664307,0.3804556727409363,0.5056548714637756,0.6057692170143127
landslide4sense,val,200,0,1,1,1.0,1.0,0.0014190673828125,1.0752688517357e-08,1.0752688517357e-08,1.0752688517357e-08,1.0
landslide4sense,val,201,0,0,0,0.0,0.0001866424281615764,0.0,1.0,1.0,1.0,1.0
landslide4sense,val,202,0,0,0,0.0,0.5198561549186707,0.0,1.0,1.0,1.0,1.0
landslide4sense,val,203,0,0,0,0.0,0.0007479021442122757,0.0,1.0,1.0,1.0,1.0
landslide4sense,val,204,0,0,0,0.0,0.02530929446220398,0.0,1.0,1.0,1.0,1.0
landslide4sense,val,205,0,0,0,0.0,0.00029977894155308604,0.0,1.0,1.0,1.0,1.0
landslide4sense,val,206,1,1,1,1.0,1.0,0.002532958984375,0.6285714507102966,0.4583333432674408,0.6626505851745605,0.5978260636329651
landslide4sense,val,207,1,1,1,1.0,1.0,0.0383453369140625,0.7516562938690186,0.6021228432655334,0.744926393032074,0.7585089206695557
landslide4sense,val,208,1,1,1,1.0,1.0,0.0169677734375,0.7406014800071716,0.5880597233772278,0.7086330652236938,0.7755905389785767
landslide4sense,val,209,1,1,1,1.0,1.0,0.064056396484375,0.844971776008606,0.7315593957901001,0.8906621932983398,0.8037403225898743
landslide4sense,val,210,0,0,0,0.0,0.07180734723806381,0.0,1.0,1.0,1.0,1.0
landslide4sense,val,211,1,1,1,1.0,1.0,0.002105712890625,0.52173912525177,0.3529411852359772,0.95652174949646,0.3586956560611725
landslide4sense,val,212,0,0,0,0.0,0.13966958224773407,0.0,1.0,1.0,1.0,1.0
landslide4sense,val,213,0,0,0,0.0,0.0015092460671439767,0.0,1.0,1.0,1.0,1.0
landslide4sense,val,214,1,1,1,1.0,1.0,0.0174407958984375,0.815088152885437,0.6878892779350281,0.8696413040161133,0.7669752836227417
landslide4sense,val,215,1,1,1,1.0,1.0,0.06365966796875,0.8693758845329285,0.7689345479011536,0.861457347869873,0.87744140625
landslide4sense,val,216,1,1,1,1.0,1.0,0.0355682373046875,0.29516538977622986,0.17313432693481445,0.17417417466640472,0.9666666388511658
landslide4sense,val,217,1,1,1,0.9722610712051392,0.9722610712051392,0.00067138671875,0.04663774371147156,0.02387562394142151,0.9772727489471436,0.02388888970017433
landslide4sense,val,218,0,0,0,0.0,0.00042473836219869554,0.0,1.0,1.0,1.0,1.0
landslide4sense,val,219,0,0,0,0.0,0.00047881656792014837,0.0,1.0,1.0,1.0,1.0
landslide4sense,val,220,0,0,0,0.0,0.03155171871185303,0.0,1.0,1.0,1.0,1.0
landslide4sense,val,221,0,0,0,0.0,0.0006701077800244093,0.0,1.0,1.0,1.0,1.0
landslide4sense,val,222,1,1,1,1.0,1.0,0.0125885009765625,0.6326227188110352,0.46265408396720886,0.7733333110809326,0.5352349281311035
landslide4sense,val,223,1,1,1,1.0,1.0,0.0471038818359375,0.6876872777938843,0.5240269899368286,0.8548752665519714,0.5751961469650269
landslide4sense,val,224,1,1,1,0.9979002475738525,0.9979002475738525,0.0003204345703125,0.12034384161233902,0.06402439624071121,1.0,0.06402439624071121
landslide4sense,val,225,1,1,1,1.0,1.0,0.0025634765625,0.6484375,0.4797687828540802,0.988095223903656,0.48255813121795654
landslide4sense,val,226,0,0,0,0.0,0.005478671286255121,0.0,1.0,1.0,1.0,1.0
landslide4sense,val,227,0,0,0,0.0,0.0001962795649887994,0.0,1.0,1.0,1.0,1.0
landslide4sense,val,228,0,0,0,0.0,0.00044667968177236617,0.0,1.0,1.0,1.0,1.0
landslide4sense,val,229,1,1,1,1.0,1.0,0.0162811279296875,0.6531713604927063,0.48496994376182556,0.6804123520851135,0.6280276775360107
landslide4sense,val,230,0,0,0,0.0,0.00017669746011961251,0.0,1.0,1.0,1.0,1.0
landslide4sense,val,231,1,1,1,1.0,1.0,0.054901123046875,0.7261146306991577,0.5699999928474426,0.7287381887435913,0.7235099077224731
landslide4sense,val,232,1,0,0,0.0,0.00045360950753092766,0.0,2.5000000292152436e-08,2.5000000292152436e-08,1.0,2.5000000292152436e-08
landslide4sense,val,233,1,1,1,1.0,1.0,0.1426239013671875,0.849642276763916,0.7385895848274231,0.8829571008682251,0.8187500238418579
landslide4sense,val,234,1,0,0,0.0,0.008011250756680965,0.0,9.259259137195386e-09,9.259259137195386e-09,1.0,9.259259137195386e-09
landslide4sense,val,235,1,1,1,0.9999985694885254,0.9999985694885254,0.005126953125,0.3400000035762787,0.20481927692890167,0.3035714328289032,0.3863636255264282
landslide4sense,val,236,1,1,1,1.0,1.0,0.0052032470703125,0.76897132396698,0.6246575117111206,0.6686217188835144,0.9047619104385376
landslide4sense,val,237,0,0,0,0.0,0.00013412821863312274,0.0,1.0,1.0,1.0,1.0
landslide4sense,val,238,1,1,1,1.0,1.0,0.0052490234375,0.6578947305679321,0.4901960790157318,0.7267441749572754,0.6009615659713745
landslide4sense,val,239,1,1,1,1.0,1.0,0.1470489501953125,0.676412045955658,0.5110442638397217,0.6169970035552979,0.7484894394874573
landslide4sense,val,240,1,1,1,1.0,1.0,0.04412841796875,0.5156940817832947,0.34743112325668335,0.8067081570625305,0.3789798617362976
landslide4sense,val,241,1,1,1,1.0,1.0,0.002960205078125,0.5090909004211426,0.3414634168148041,0.7216494679450989,0.3932584226131439
landslide4sense,val,242,0,1,1,0.9999990463256836,0.9999990463256836,0.000518798828125,2.9411765467557416e-08,2.9411765467557416e-08,2.9411765467557416e-08,1.0
landslide4sense,val,243,1,1,1,1.0,1.0,0.010894775390625,0.8654124736785889,0.7627550959587097,0.83753502368927,0.8952096104621887
landslide4sense,val,244,0,0,0,0.0,0.0006835160311311483,0.0,1.0,1.0,1.0,1.0
landslide4sense,val,245,0,0,0,0.0,0.0008031773613765836,0.0,1.0,1.0,1.0,1.0
landslide4sense,val,246,1,1,1,0.9999997615814209,0.9999997615814209,0.0003509521484375,0.010443867184221745,0.005249346140772104,0.08695655316114426,0.005555558018386364
landslide4sense,val,247,0,0,0,0.0,0.0005755629972554743,0.0,1.0,1.0,1.0,1.0
landslide4sense,val,248,0,0,0,0.0,0.2606895864009857,0.0,1.0,1.0,1.0,1.0
landslide4sense,val,249,1,1,1,1.0,1.0,0.0700836181640625,0.6130300760269165,0.4419923424720764,0.6279120445251465,0.5988371968269348
landslide4sense,val,250,0,0,0,0.0,0.0005319432239048183,0.0,1.0,1.0,1.0,1.0
landslide4sense,val,251,0,0,0,0.0,0.9148555397987366,9.1552734375e-05,1.6666663782416435e-07,1.6666663782416435e-07,1.6666663782416435e-07,1.0
landslide4sense,val,252,1,1,1,1.0,1.0,0.1075592041015625,0.8046647310256958,0.6731707453727722,0.841821551322937,0.7706493735313416
landslide4sense,val,253,1,1,1,1.0,1.0,0.0025482177734375,0.4573991000652313,0.29651162028312683,0.3053892254829407,0.9107142686843872
landslide4sense,val,254,0,1,1,1.0,1.0,0.0011138916015625,1.3698629786063066e-08,1.3698629786063066e-08,1.3698629786063066e-08,1.0
landslide4sense,val,255,0,1,1,0.9998940229415894,0.9998940229415894,0.0008697509765625,1.7543859698321285e-08,1.7543859698321285e-08,1.7543859698321285e-08,1.0
landslide4sense,val,256,0,0,0,0.0,0.001140445121563971,0.0,1.0,1.0,1.0,1.0
landslide4sense,val,257,1,1,1,1.0,1.0,0.148345947265625,0.7515448331832886,0.6019798517227173,0.6630322933197021,0.8673304915428162
landslide4sense,val,258,1,1,1,1.0,1.0,0.0009002685546875,0.7482014298439026,0.5977011322975159,0.8813559412956238,0.6499999761581421
landslide4sense,val,259,1,1,1,1.0,1.0,0.03179931640625,0.19336219131946564,0.10702875256538391,0.12859885394573212,0.3895348906517029
landslide4sense,val,260,0,0,0,0.0,0.0005910178879275918,0.0,1.0,1.0,1.0,1.0
landslide4sense,val,261,0,0,0,0.0,0.0005657456931658089,0.0,1.0,1.0,1.0,1.0
landslide4sense,val,262,1,1,1,1.0,1.0,0.0405731201171875,0.7164552807807922,0.5581849217414856,0.8604738712310791,0.6137338876724243
landslide4sense,val,263,0,0,0,0.0,0.0002230564277851954,0.0,1.0,1.0,1.0,1.0
landslide4sense,val,264,1,1,1,1.0,1.0,0.208831787109375,0.7085615396499634,0.5486606955528259,0.7468215823173523,0.674030601978302
landslide4sense,val,265,1,1,1,1.0,1.0,0.0116729736328125,0.6333615779876709,0.46344485878944397,0.4888888895511627,0.8990384340286255
landslide4sense,val,266,1,1,1,1.0,1.0,0.1093597412109375,0.7574708461761475,0.609620213508606,0.7480117082595825,0.7671722769737244
landslide4sense,val,267,1,1,1,1.0,1.0,0.0251007080078125,0.6627615094184875,0.495619535446167,0.7221884727478027,0.6123711466789246
landslide4sense,val,268,1,1,1,1.0,1.0,0.009857177734375,0.37584906816482544,0.2314126342535019,0.7708978056907654,0.24850299954414368
landslide4sense,val,269,1,1,1,1.0,1.0,0.012359619140625,0.4231918752193451,0.2683851420879364,0.8740741014480591,0.27917981147766113
landslide4sense,val,270,1,1,1,1.0,1.0,0.0102081298828125,0.8234280943870544,0.6998535990715027,0.7144992351531982,0.9715447425842285
landslide4sense,val,271,0,0,0,0.0,0.1434529721736908,0.0,1.0,1.0,1.0,1.0
landslide4sense,val,272,1,1,1,1.0,1.0,0.3409271240234375,0.8416581153869629,0.7266059517860413,0.9355502724647522,0.7648931741714478
landslide4sense,val,273,1,0,0,0.0,0.00017303338972851634,0.0,7.575757798861105e-09,7.575757798861105e-09,1.0,7.575757798861105e-09
landslide4sense,val,274,0,0,0,0.0,0.012637026607990265,0.0,1.0,1.0,1.0,1.0
landslide4sense,val,275,1,1,1,1.0,1.0,0.027435302734375,0.5849977731704712,0.41342535614967346,0.7330366969108582,0.48670604825019836
landslide4sense,val,276,1,1,1,1.0,1.0,0.0046234130859375,0.799414336681366,0.6658536791801453,0.9009901285171509,0.7184210419654846
landslide4sense,val,277,1,1,1,1.0,1.0,0.0061492919921875,0.45017921924591064,0.29047179222106934,0.7791563272476196,0.3165322542190552
landslide4sense,val,278,0,0,0,0.0,0.0006575210718438029,0.0,1.0,1.0,1.0,1.0
landslide4sense,val,279,0,0,0,0.0,0.0011283024214208126,0.0,1.0,1.0,1.0,1.0
landslide4sense,val,280,1,1,1,1.0,1.0,0.336456298828125,0.8076626062393188,0.6773775219917297,0.8059410452842712,0.8093914985656738
landslide4sense,val,281,1,1,1,0.9993410706520081,0.9993410706520081,0.000335693359375,0.37288135290145874,0.2291666865348816,1.0,0.2291666865348816
landslide4sense,val,282,0,0,0,0.0,0.0016790720401331782,0.0,1.0,1.0,1.0,1.0
landslide4sense,val,283,1,1,1,1.0,1.0,0.013641357421875,0.5938758850097656,0.42234957218170166,0.8243848085403442,0.4641057848930359
landslide4sense,val,284,1,1,1,1.0,1.0,0.0577850341796875,0.7063776850700378,0.5460463166236877,0.753102719783783,0.6651119589805603
landslide4sense,val,285,1,1,1,1.0,1.0,0.1161651611328125,0.8289033770561218,0.7078009843826294,0.8950479626655579,0.771862268447876
landslide4sense,val,286,1,1,1,1.0,1.0,0.0024261474609375,0.4891640841960907,0.3237704932689667,0.49685534834861755,0.48170730471611023
landslide4sense,val,287,1,1,1,0.9999997615814209,0.9999997615814209,0.000579833984375,0.23178808391094208,0.13108614087104797,0.9210526347160339,0.13257575035095215
landslide4sense,val,288,1,1,1,1.0,1.0,0.005767822265625,0.6363636255264282,0.46666666865348816,0.5,0.875
landslide4sense,val,289,1,1,1,1.0,1.0,0.00469970703125,0.5810810923576355,0.4095238149166107,0.8376623392105103,0.4448275864124298
landslide4sense,val,290,1,1,1,1.0,1.0,0.0937957763671875,0.673686146736145,0.5079387426376343,0.59329754114151,0.779273509979248
landslide4sense,val,291,1,0,0,0.0,0.001091211335733533,0.0,5.353318899281589e-10,5.353318899281589e-10,1.0,5.353318899281589e-10
landslide4sense,val,292,0,0,0,0.0,0.0010396220022812486,0.0,1.0,1.0,1.0,1.0
landslide4sense,val,293,1,1,1,1.0,1.0,0.0332183837890625,0.71330326795578,0.5543678402900696,0.6908589601516724,0.7372549176216125
landslide4sense,val,294,1,1,1,1.0,1.0,0.002593994140625,0.6824034452438354,0.5179153084754944,0.9352940917015076,0.537162184715271
landslide4sense,val,295,0,0,0,0.0,0.0008541465504094958,0.0,1.0,1.0,1.0,1.0
landslide4sense,val,296,1,1,1,1.0,1.0,0.1231231689453125,0.8017587661743164,0.6691129803657532,0.7796505093574524,0.8251574039459229
landslide4sense,val,297,0,0,0,0.0,0.0026690708473324776,0.0,1.0,1.0,1.0,1.0
landslide4sense,val,298,0,0,0,0.0,0.8287657499313354,6.103515625e-05,2.499999425253918e-07,2.499999425253918e-07,2.499999425253918e-07,1.0
landslide4sense,val,299,0,0,0,0.0,4.2724524973891675e-05,0.0,1.0,1.0,1.0,1.0
landslide4sense,val,300,1,1,1,1.0,1.0,0.0027313232421875,0.6388206481933594,0.4693140685558319,0.7262569665908813,0.5701754093170166
landslide4sense,val,301,1,1,1,1.0,1.0,0.0061492919921875,0.48744186758995056,0.3222632110118866,0.6501240730285645,0.3898809552192688
landslide4sense,val,302,1,1,1,1.0,1.0,0.0077056884765625,0.3414634168148041,0.20588235557079315,0.9564356207847595,0.20783132314682007
landslide4sense,val,303,1,1,1,1.0,1.0,0.016845703125,0.37784090638160706,0.2329246997833252,0.24094203114509583,0.875
landslide4sense,val,304,0,0,0,0.0,0.8569380640983582,0.0002593994140625,5.8823523829687474e-08,5.8823523829687474e-08,5.8823523829687474e-08,1.0
landslide4sense,val,305,0,1,1,1.0,1.0,0.0012664794921875,1.2048192665758961e-08,1.2048192665758961e-08,1.2048192665758961e-08,1.0
landslide4sense,val,306,1,1,1,1.0,1.0,0.1023712158203125,0.7990736365318298,0.6653810143470764,0.8485616445541382,0.7550398111343384
landslide4sense,val,307,1,1,1,1.0,1.0,0.2613677978515625,0.7627833485603333,0.6165317296981812,0.7023760676383972,0.8345588445663452
landslide4sense,val,308,1,1,1,1.0,1.0,0.0135345458984375,0.9235702753067017,0.857994019985199,0.9740698933601379,0.8780487775802612
landslide4sense,val,309,1,1,1,1.0,1.0,0.0372161865234375,0.42679518461227417,0.27129027247428894,0.9077490568161011,0.27898186445236206
landslide4sense,val,310,0,0,0,0.0,0.0001945055992109701,0.0,1.0,1.0,1.0,1.0
landslide4sense,val,311,0,0,0,0.0,0.0021344723645597696,0.0,1.0,1.0,1.0,1.0
landslide4sense,val,312,1,0,0,0.0,0.0007090602302923799,0.0,3.571428308646318e-08,3.571428308646318e-08,1.0,3.571428308646318e-08
landslide4sense,val,313,1,1,1,1.0,1.0,0.04046630859375,0.6942752599716187,0.5317164063453674,0.8597285151481628,0.5822267532348633
landslide4sense,val,314,0,0,0,0.0,0.0001867604732979089,0.0,1.0,1.0,1.0,1.0
landslide4sense,val,315,1,1,1,1.0,1.0,0.0233917236328125,0.6701251268386841,0.5039008855819702,0.7162426710128784,0.6295871734619141
landslide4sense,val,316,1,1,1,1.0,1.0,0.01031494140625,0.8051282167434692,0.6738197207450867,0.9289940595626831,0.7104072570800781
landslide4sense,val,317,1,1,1,1.0,1.0,0.0382080078125,0.8190909028053284,0.6936104893684387,0.719648540019989,0.950421929359436
landslide4sense,val,318,1,1,1,1.0,1.0,0.040740966796875,0.7760154604911804,0.6340075731277466,0.7513108849525452,0.8023999929428101
landslide4sense,val,319,1,1,1,1.0,1.0,0.055908203125,0.8190966844558716,0.6936187744140625,0.9107532501220703,0.7442016005516052
landslide4sense,val,320,0,1,1,1.0,1.0,0.00177001953125,8.620689939675685e-09,8.620689939675685e-09,8.620689939675685e-09,1.0
landslide4sense,val,321,1,1,1,1.0,1.0,0.0013275146484375,0.6831275820732117,0.518750011920929,0.954023003578186,0.5320512652397156
landslide4sense,val,322,1,1,1,1.0,1.0,0.0413665771484375,0.7006842494010925,0.5392717719078064,0.6610106825828552,0.7454242706298828
landslide4sense,val,323,0,0,0,0.0,0.00718270055949688,0.0,1.0,1.0,1.0,1.0
landslide4sense,val,324,0,0,0,0.0,0.001394069055095315,0.0,1.0,1.0,1.0,1.0
landslide4sense,val,325,0,1,1,0.9994388222694397,0.9994388222694397,0.0016326904296875,9.345794360626769e-09,9.345794360626769e-09,9.345794360626769e-09,1.0
landslide4sense,val,326,0,0,0,0.0,0.0017135603120550513,0.0,1.0,1.0,1.0,1.0
landslide4sense,val,327,0,0,0,0.0,0.0011115050874650478,0.0,1.0,1.0,1.0,1.0
landslide4sense,val,328,0,1,1,0.9999998807907104,0.9999998807907104,0.00054931640625,2.7777778299764577e-08,2.7777778299764577e-08,2.7777778299764577e-08,1.0
landslide4sense,val,329,0,0,0,0.0,0.00018631828424986452,0.0,1.0,1.0,1.0,1.0
landslide4sense,val,330,1,1,1,1.0,1.0,0.0995025634765625,0.8084000945091248,0.6784157156944275,0.8589173555374146,0.7634950876235962
landslide4sense,val,331,1,1,1,1.0,1.0,0.0071563720703125,0.5964412689208984,0.4249492883682251,0.8933901786804199,0.4476495683193207
landslide4sense,val,332,0,0,0,0.0,0.0004591890028677881,0.0,1.0,1.0,1.0,1.0
landslide4sense,val,333,1,1,1,1.0,1.0,0.0111846923828125,0.6666666865348816,0.5,0.6425647735595703,0.6926470398902893
landslide4sense,val,334,1,1,1,1.0,1.0,0.01959228515625,0.40721648931503296,0.2556634247303009,0.36915886402130127,0.45402297377586365
landslide4sense,val,335,0,0,0,0.0,0.00040650879964232445,0.0,1.0,1.0,1.0,1.0
landslide4sense,val,336,0,1,1,1.0,1.0,0.00067138671875,2.2727272508404894e-08,2.2727272508404894e-08,2.2727272508404894e-08,1.0
landslide4sense,val,337,1,1,1,1.0,1.0,0.0085601806640625,0.21066153049468994,0.11773151159286499,0.2923351228237152,0.16465863585472107
landslide4sense,val,338,1,0,0,0.0,0.33315086364746094,0.0,9.99999993922529e-09,9.99999993922529e-09,1.0,9.99999993922529e-09
landslide4sense,val,339,0,0,0,0.0,0.0004709397617261857,0.0,1.0,1.0,1.0,1.0
landslide4sense,val,340,1,1,1,1.0,1.0,0.1461334228515625,0.7872248888015747,0.6491103768348694,0.6704604625701904,0.9532363414764404
landslide4sense,val,341,0,0,0,0.0,0.00042943868902511895,0.0,1.0,1.0,1.0,1.0
landslide4sense,val,342,1,1,1,1.0,1.0,0.005279541015625,0.7764706015586853,0.6346153616905212,0.9537572264671326,0.6547619104385376
landslide4sense,val,343,0,0,0,0.0,0.0005069158505648375,0.0,1.0,1.0,1.0,1.0
landslide4sense,val,344,0,0,0,0.0,0.001304037170484662,0.0,1.0,1.0,1.0,1.0
landslide4sense,val,345,0,0,0,0.0,4.577870276989415e-05,0.0,1.0,1.0,1.0,1.0
landslide4sense,val,346,1,1,1,1.0,1.0,0.0354766845703125,0.6420562267303467,0.47281503677368164,0.8004301190376282,0.5360022783279419
landslide4sense,val,347,1,1,1,1.0,1.0,0.016937255859375,0.6143396496772766,0.44335511326789856,0.7333333492279053,0.5285714268684387
landslide4sense,val,348,0,0,0,0.0,8.071085903793573e-05,0.0,1.0,1.0,1.0,1.0
landslide4sense,val,349,1,1,1,1.0,1.0,0.03143310546875,0.8287321329116821,0.7075513005256653,0.7868931889533997,0.8752699494361877
landslide4sense,val,350,1,1,1,1.0,1.0,0.0088043212890625,0.7825261354446411,0.6427457332611084,0.7140381336212158,0.8655462265014648
landslide4sense,val,351,1,1,1,1.0,1.0,0.0048828125,0.9192546606063843,0.8505747318267822,0.925000011920929,0.9135802388191223
landslide4sense,val,352,1,1,1,1.0,1.0,0.052490234375,0.811326265335083,0.6825475096702576,0.8037790656089783,0.8190165758132935
landslide4sense,val,353,1,1,1,1.0,1.0,0.226104736328125,0.8561639189720154,0.7485023140907288,0.8684707880020142,0.8442009687423706
landslide4sense,val,354,1,1,1,1.0,1.0,0.0536651611328125,0.6691972613334656,0.5028523206710815,0.8521467447280884,0.5509191155433655
landslide4sense,val,355,1,1,1,1.0,1.0,0.0456085205078125,0.7338725328445435,0.579619824886322,0.6222816705703735,0.8942307829856873
landslide4sense,val,356,1,1,1,1.0,1.0,0.0037841796875,0.6120218634605408,0.4409448802471161,0.9032257795333862,0.4628099203109741
landslide4sense,val,357,1,1,1,1.0,1.0,0.0191497802734375,0.41580694913864136,0.2624724209308624,0.9474103450775146,0.266353040933609
landslide4sense,val,358,1,1,1,1.0,1.0,0.13623046875,0.6054502129554749,0.4341546297073364,0.4578852951526642,0.8933566212654114
landslide4sense,val,359,0,0,0,0.0,0.08286193013191223,0.0,1.0,1.0,1.0,1.0
landslide4sense,val,360,0,0,0,0.0,0.0023206109181046486,0.0,1.0,1.0,1.0,1.0
landslide4sense,val,361,0,0,0,0.0,4.058962076669559e-05,0.0,1.0,1.0,1.0,1.0
landslide4sense,val,362,0,1,1,1.0,1.0,0.0010223388671875,1.4925372937568682e-08,1.4925372937568682e-08,1.4925372937568682e-08,1.0
landslide4sense,val,363,0,0,0,0.0,0.0006801604176871479,0.0,1.0,1.0,1.0,1.0
landslide4sense,val,364,1,1,1,1.0,1.0,0.0247955322265625,0.6417518258094788,0.4724849462509155,0.6763076782226562,0.6105555295944214
landslide4sense,val,365,1,1,1,1.0,1.0,0.005645751953125,0.7371273636817932,0.5836910009384155,0.7351351380348206,0.739130437374115
landslide4sense,val,366,1,1,1,1.0,1.0,0.0054931640625,0.6531791687011719,0.4849785268306732,0.6277777552604675,0.6807228922843933
landslide4sense,val,367,1,1,1,1.0,1.0,0.0516357421875,0.7600551247596741,0.6129748821258545,0.8153073191642761,0.7118163108825684
landslide4sense,val,368,0,0,0,0.0,0.001257350668311119,0.0,1.0,1.0,1.0,1.0
landslide4sense,val,369,0,0,0,0.0,0.0007190016913227737,0.0,1.0,1.0,1.0,1.0
landslide4sense,val,370,1,1,1,1.0,1.0,0.01202392578125,0.8812664747238159,0.7877358198165894,0.8477157354354858,0.9175823926925659
landslide4sense,val,371,1,1,1,1.0,1.0,0.0815887451171875,0.7611066699028015,0.6143439412117004,0.6199738383293152,0.9854339957237244
landslide4sense,val,372,0,0,0,0.0,0.000383215956389904,0.0,1.0,1.0,1.0,1.0
landslide4sense,val,373,1,1,1,1.0,1.0,0.0762786865234375,0.712181568145752,0.5530139803886414,0.768953800201416,0.6632159948348999
landslide4sense,val,374,0,0,0,0.0,0.002342142630368471,0.0,1.0,1.0,1.0,1.0
landslide4sense,val,375,0,0,0,0.0,0.16515102982521057,0.0,1.0,1.0,1.0,1.0
landslide4sense,val,376,1,1,1,1.0,1.0,0.24658203125,0.7189401984214783,0.5612073540687561,0.5994430780410767,0.8979421854019165
landslide4sense,val,377,1,1,1,1.0,1.0,0.0076904296875,0.8033175468444824,0.6712871193885803,0.6726190447807312,0.9970588088035583
landslide4sense,val,378,0,0,0,0.0,0.0018754516495391726,0.0,1.0,1.0,1.0,1.0
landslide4sense,val,379,0,0,0,0.0,0.00031480027246288955,0.0,1.0,1.0,1.0,1.0
