epoch,train_loss,train_acc,train_precision,train_recall,train_f1,train_iou,train_auroc,train_auprc,train_image_best_f1,train_image_best_threshold,val_loss,val_acc,val_precision,val_recall,val_f1,val_iou,val_auroc,val_auprc,val_image_best_f1,val_image_best_threshold,lr,val_pixel_f1_micro_thresh_sweep_best,pixel_iou_val_micro_thresh_sweep_best,pixel_val_best_threshold_sweep
1,2.1169816790340104,0.9101381040065089,0.21859761181278764,0.9301431468714063,0.27850824566645044,0.20666092313895715,0.8464998182047285,0.8731580598003105,0.8591700844454885,0.9858126606896659,1.6781743268171947,0.9390395482381185,0.2881290788451831,0.9223534911870956,0.35202814390261966,0.27325714627901715,0.8724242498658561,0.8528568327707023,0.8789362502392312,0.9989831894636154,0.0003,0.47822702024828634,0.3142564801792011,0.85
2,1.620215376960897,0.9615671885347812,0.35947231377396627,0.867063504513179,0.4010257722339898,0.3220658126835511,0.8876814790548184,0.917403039426294,0.8815561322270713,0.9843079837683205,1.4583360453446705,0.9677098641792933,0.4223192185163498,0.8610643148422241,0.45977630217870075,0.37826354056596756,0.9096623137795824,0.9108227797316807,0.9075105568276474,0.9949037482341131,0.0003,0.5966241279525551,0.42513494769043136,0.85
3,1.3526407056879775,0.976292467005899,0.5107762055976368,0.787623528008149,0.4915784371790485,0.41329733595669826,0.8914136730217131,0.9158225029613192,0.8875651296326179,0.8887922758253936,1.2494948158661525,0.9622706373532613,0.4092288166284561,0.8959042926629385,0.46482222775618237,0.3827391006052494,0.9231157260176462,0.9436237142852222,0.9171364682458903,0.989957794547081,0.0003,0.5712418890409781,0.39981707516457304,0.85
4,1.0910410418688694,0.9811715099299065,0.6083463997205841,0.735562637587574,0.5312243479991627,0.45575865810719607,0.8934141802711402,0.9287983726111556,0.8885711200520988,0.8687730966327346,0.900050550699234,0.9818602651357651,0.6338972399632136,0.7806274096171061,0.5919738213221232,0.5142958660920461,0.9360078508807673,0.9569507591688865,0.9195171945543937,0.9906766961018244,0.0003,0.6711628201350767,0.5050752871045364,0.8
5,0.940018035541071,0.9827656194428417,0.6531015804437833,0.7113617215758172,0.5443277910491017,0.47103051799480045,0.885284214691423,0.9284885950104008,0.8861926420790709,0.7891782889856356,0.8170856138070425,0.9821088115374247,0.7093009849389394,0.723440354069074,0.5961309721072515,0.5239580447475115,0.906037834172253,0.94692729869133,0.9035441859870716,0.8985931227604548,0.0003,0.6533252356324456,0.4851395844932699,0.6
6,0.8698220776620312,0.9833761085973722,0.669252365549034,0.6949212801790683,0.5476718032471487,0.47564801295226977,0.8805448453457455,0.9140715499538833,0.8857858187883059,0.8160120594167264,0.8738137632608414,0.9759791592756907,0.5345816612243652,0.8405774384737015,0.5442731156945229,0.4644995505611102,0.9047327932903947,0.9331475924568177,0.909737185585548,0.9154158532619476,0.0003,0.646873310044745,0.4780582002018378,0.85
7,0.8315521083145498,0.983745674663615,0.7029870804225173,0.6852793415016103,0.5612975509367256,0.4905185777450276,0.8917072257892472,0.9359190709181134,0.8828181680436821,0.7895526323363046,0.8912125527858734,0.974046433965365,0.4971274361014366,0.8556391398111979,0.5145566835999489,0.4345569337407748,0.8870903300723721,0.8474310492174859,0.9033481028191686,0.9999386717875799,0.0003,0.6375548225296582,0.46794897370750566,0.85
8,0.8006260957673331,0.9840905515947075,0.7083040375575841,0.6928202058667334,0.5738843707280739,0.5030722682164094,0.885702450464649,0.922901767149543,0.8821708859600856,0.8186911221976593,0.8250486652056376,0.9770372857650121,0.5755978524684906,0.813446452220281,0.5627508610486984,0.48444022486607236,0.9108669007494238,0.9063806440060493,0.9066612899924177,0.9855918933947881,0.0003,0.6451390777452531,0.47616627444828036,0.85
9,0.7825865561717025,0.9842688313154416,0.7081708632339941,0.6848022542267203,0.5686722737606441,0.4973610450174207,0.8901646550474756,0.9322092817311615,0.887249454691352,0.8654648644901882,0.6883617043495178,0.9845951298872629,0.7462665935357412,0.706481804450353,0.6153974036375681,0.5429729297757149,0.9216425754317753,0.9508022490343282,0.9190622395978836,0.9920994242032369,0.0003,0.6619733183149161,0.4947385036310971,0.35
10,0.766063928604126,0.9844424178667157,0.6984080360314556,0.691226124206436,0.563954009073917,0.49218036192599857,0.8863728980521433,0.9240363911252737,0.8862458119698203,0.8972009036028497,0.7522647778193156,0.9838837236166,0.8102649003267288,0.6748187690973282,0.6327756543954214,0.5651665776968002,0.8901917141103303,0.9078801914043683,0.8788854546917149,0.9531044860680898,0.0003,0.6128211053232159,0.44177510750446425,0.35
11,0.7686080227945452,0.9843810000152231,0.7094957212978434,0.6910091719337713,0.5702158340783877,0.49963885657141144,0.8853853548467701,0.9201509971038495,0.8869953363395511,0.809397671267251,0.7209485123554865,0.9840785413980484,0.8028844445943832,0.6699706961711248,0.6253840525945028,0.555853304763635,0.8980667551498859,0.9150138932682274,0.893492900316747,0.9845998684565226,0.0003,0.6341483878368901,0.46428790813746146,0.35
12,0.7488551627252703,0.9846906489300951,0.708617816461581,0.6862319933476849,0.566244881008273,0.49556942715823094,0.881943683717885,0.9234184662936766,0.8804680687286566,0.8105056686936137,0.6721557974815369,0.9834732015927633,0.6901431977748871,0.7674955377976099,0.6275000721216202,0.5519865726431211,0.9256353978870432,0.9464686177523324,0.9171771044337088,0.812782809138298,0.0003,0.6834907345922189,0.5191689512195616,0.675
13,0.7518130752527825,0.9844386516330398,0.703497171680504,0.6943108812670842,0.5709604534590356,0.4995027727612825,0.882218233198966,0.9138114487087355,0.8827055017144864,0.8730868028703137,0.718521331747373,0.983988419175148,0.7614192068576813,0.6968986541032791,0.609886055191358,0.5413486113150915,0.9004088184474264,0.9114621359210386,0.8901581877370103,0.8841363489627838,0.0003,0.6283495667314121,0.4580974507000197,0.35
14,0.7410792332386302,0.9847866708987227,0.7053146690965812,0.6928762208635562,0.5744279748368486,0.502363051766547,0.8877452280514072,0.9149267906326549,0.8890359992821248,0.8900860319627779,0.644137923916181,0.9843103140592575,0.7006866633892059,0.7594951937596003,0.627654438217481,0.5524287621180216,0.91732398138851,0.9437527953207248,0.910090366689042,0.9050956517457962,0.0003,0.6938929351383137,0.5312680359876673,0.65
15,0.731583362149301,0.9850150268768596,0.7181416574482605,0.6905078993779477,0.577496148436983,0.5062583776834969,0.8859108828161563,0.926587905693337,0.8835563252637736,0.7988829751995122,0.7971651007731756,0.977777361869812,0.5688270578781763,0.8244154353936514,0.560052918891112,0.4815066009759903,0.8945846217310027,0.8552229931641748,0.9075879206219802,0.9149507184823354,0.0003,0.6523398863234285,0.4840537162920951,0.85
16,0.7339992977191354,0.984885602910942,0.7278613726669383,0.6866964703408357,0.5856943601202742,0.5143991098782726,0.8861227625898772,0.9148121850712245,0.8881135563296515,0.7451084050062661,0.6776723514000574,0.9829104145367941,0.5725074410438538,0.8038288752237955,0.5519189635912577,0.4727255975206693,0.8932134951009011,0.8893692244251032,0.9066318663022259,0.9990484615166982,0.0003,0.6952677457655171,0.5328815498424222,0.85
17,0.7369231952128009,0.9846658439279716,0.7071248395977733,0.6963334181041361,0.5748164912807607,0.502858981350872,0.8880377391109914,0.9236748005226391,0.89052763306798,0.8168728451862514,0.685980757077535,0.9824456969896952,0.6125589857498804,0.7981582383314768,0.5821728656689326,0.5040312359730402,0.9115723072325403,0.900652105911902,0.9119046041063036,0.9997395972410837,0.0003,0.6897022402763243,0.5263706170283968,0.85
18,0.7315682423449008,0.984918754791545,0.7257408430086119,0.6895344886824349,0.5814305557825855,0.5115055338801625,0.8812302906648456,0.9195391646968889,0.8830245981261468,0.8138548960195524,0.6418977379798889,0.9842623720566431,0.6986455619335175,0.7472488532463709,0.6138207813103994,0.5401822552084923,0.9103858511057981,0.9053310277259928,0.9094699967585531,0.9995837112267812,0.0003,0.6793811106452846,0.5144414608348041,0.4
19,0.70928682205833,0.9853992896659352,0.7308582217893868,0.6897893765262354,0.5882414947046297,0.5172073696261255,0.8763498235986167,0.9040801022725469,0.8772686865475976,0.8285464588726792,0.6403804769118627,0.9849685927232107,0.7556323260068893,0.7158659348885218,0.6258820295333862,0.5553241471449534,0.9037929724202547,0.9409369021494114,0.9039231670907361,0.9970629811286926,0.0003,0.6744154274243922,0.5087683135255786,0.35
20,0.7193393718416445,0.9849860662611846,0.7271580478855383,0.6934886641591509,0.5882616068158194,0.5173429339845604,0.8805348680943201,0.9112347502173632,0.8844984759166368,0.8541009331417975,0.6130252679189047,0.9856248746315638,0.7204161286354065,0.7318057169516882,0.6187337438265482,0.5443737829724947,0.9210905137582531,0.9123057326866494,0.9200925182442785,0.8987842053174973,0.0003,0.6944444679917583,0.5319149212473111,0.35
21,0.7307892427823254,0.9847292615988544,0.7251766324043274,0.6942638225644548,0.5904466908111751,0.5192744843313627,0.890714306482957,0.9212963746875197,0.8934551379304784,0.8615735139802237,0.6273275961478552,0.9854109982649485,0.7219364394744238,0.721579909324646,0.6104684919118881,0.5345077763001124,0.9049384237212822,0.9002167843221432,0.9130685897251561,0.9876688718795776,0.0003,0.679306884301194,0.5143563453362812,0.35
22,0.7166262661742273,0.9852665456655983,0.7320302471379253,0.6890702746181845,0.5884612793120269,0.5175679412400611,0.8735399567135097,0.915311570258539,0.8787607099179562,0.8144377124643771,0.8239641934633255,0.9827914635340372,0.8540739218393961,0.6295169989267985,0.6109251777331034,0.5476306329170862,0.8882308533818991,0.9122666601477905,0.8788907285627832,0.6603178183237711,0.0003,0.5476014601448881,0.37703250527929155,0.35
23,0.7194524713765795,0.9850575779085962,0.7188110334850918,0.6956164909300403,0.5837473743986861,0.5117092062936766,0.8822996462767575,0.9109838589379265,0.888392810876361,0.7991457626084301,0.6074755787849426,0.985778013865153,0.7469872037569681,0.7273297558228174,0.6374161243438721,0.564345640440782,0.9086435226706623,0.9041571264614804,0.908991895514904,0.8985729565223058,0.0003,0.6991360208580498,0.5374397570140949,0.35
24,0.7050554769061436,0.9854127424899662,0.7362007092092638,0.6946452853278579,0.5973527400850136,0.5259628663553255,0.8869690532065202,0.8866490061780067,0.8902726866558682,0.6944612643429052,0.6501059184471766,0.9846383482217789,0.7338477770487467,0.7167489329973856,0.6076962252457937,0.5355485851565996,0.8954294642290894,0.8934366008084568,0.8965928163705238,0.9162475814421972,0.0003,0.6658889574307448,0.4991255871391342,0.35
25,0.6967951830859497,0.9855076999307792,0.7343356302965467,0.6863743640552057,0.5892702148896511,0.5187943352160053,0.8845493607113674,0.924218871753186,0.888583513431509,0.8366497621357998,0.6317962954441706,0.9846881926059723,0.7456595400969187,0.7424690475066503,0.6458208858966827,0.572899654507637,0.9116405479778691,0.9085691445475264,0.9147348153005826,0.999527171254158,0.0003,0.6869778097754197,0.5232035032540497,0.375
26,0.707605196215282,0.9854147623632555,0.7223733691411598,0.6975957495029842,0.5910217578165999,0.519066264417684,0.8867787340828143,0.922904177760568,0.8879553153984084,0.7857484160182632,0.6444794436295828,0.9849589516719183,0.7560547689596812,0.7047398487726847,0.6170648882786433,0.5444444914658865,0.8989242174467801,0.8960231473075576,0.9032108390425223,0.9804227203130722,0.0003,0.6600789972627,0.4926253084433336,0.35
27,0.6991636371501139,0.9854158965226646,0.7392988227238165,0.6911650043781673,0.5991423558966021,0.5281205898690446,0.8846234272016967,0.9136999952784962,0.8925394129908691,0.7970370132232381,0.6748113532861074,0.9842452009518942,0.7523908019065857,0.7303232848644257,0.6329713861147562,0.5619172304868698,0.8726400726466154,0.8795983039384615,0.8767534317709674,0.9159920364618301,0.0003,0.6500252519866823,0.48150919337102344,0.35
28,0.7040445397947436,0.9855131874574679,0.7421327550834584,0.6954436324467169,0.6032375896645483,0.5322973109851373,0.8867352234738038,0.9190753073462223,0.8911903144051864,0.792224218355161,0.7050468424956003,0.9840720494588217,0.8017786194880804,0.6916685501734415,0.6364740977684656,0.5679623037576675,0.890586680946812,0.9320754338004557,0.8868963091300589,0.8923027565081915,0.0003,0.627229145424125,0.45690738795472463,0.35
29,0.6974123331987969,0.9856513370977384,0.7384698346396473,0.7013409043026861,0.609263559925222,0.536487847845131,0.8899626091231716,0.9078404518483274,0.8983448952648893,0.8165681846787997,0.6159033129612604,0.9859535197416941,0.845192089676857,0.681752567489942,0.6741217076778412,0.6026642024517059,0.90429464390119,0.8723776231722242,0.9061213064462766,0.9133404841025671,0.0003,0.6872317992991978,0.5234982070199129,0.35
30,0.6815413891155029,0.9857343552268554,0.7448528386722101,0.6940074401481129,0.6046063095052666,0.5338207979068578,0.8836481341716744,0.9296062167998431,0.8861783781244751,0.8148065047843434,0.7902518212795258,0.9834507356087366,0.8567445427179337,0.637043205400308,0.6264624446630478,0.5596426750222842,0.8778384231625127,0.9289422720477812,0.8674771168438978,0.570345456401507,0.0003,0.5774968341736515,0.40597226638774897,0.35
31,0.7010592556445399,0.9853712732546798,0.7287053866921184,0.694893304432664,0.5926241147740979,0.5211149248007302,0.8758197928297488,0.8995675704608024,0.8885693769773239,0.8778676095409929,0.6099860618511835,0.9858173777659734,0.8007694333791733,0.7010035117467245,0.6547131190697352,0.5831384062767029,0.914689439443301,0.9125616558857024,0.9165265041640649,0.9048211922248205,0.0003,0.6874651632297165,0.5237690794720279,0.35
32,0.6771258753593837,0.985987217626839,0.7561517767260008,0.6930332623909568,0.6141607285102951,0.5433723614594647,0.8909303800610151,0.9134453694746987,0.892918897696551,0.8573286115566147,0.652700218061606,0.9843068520228068,0.7078488419453303,0.7595139493544897,0.6271289189656576,0.5519292255242666,0.8975361801431544,0.8619507807367862,0.8991253283724966,0.9753417273362478,0.0003,0.6984907067762415,0.5366774639361103,0.75
33,0.6763456667138037,0.985903688123293,0.7357279290662748,0.6941517457783779,0.5981901744815791,0.52672262503722,0.8881226335789637,0.9252658220114282,0.8897172377023574,0.8386402770737621,0.5913586542010307,0.9858865638573965,0.7453463971614838,0.7389222780863444,0.6400842666625977,0.5672958617409071,0.8955324373520933,0.8984424190948453,0.9034461424727819,0.9954400509595871,0.0003,0.7074323370906311,0.5473077792296648,0.35
34,0.6848615048644698,0.9858228330300233,0.7412255431447073,0.6995234127356628,0.6071668818732289,0.5352443088994963,0.8901183435139263,0.927962289280312,0.8951328478137539,0.8224950895131191,0.6095594639579455,0.985584020614624,0.7867592771848043,0.7263914346694946,0.6578326771656672,0.5860535278916359,0.9018550753228256,0.9029617932704026,0.9065866299036492,0.9133355617523193,0.0003,0.6977874838355509,0.535847624849446,0.35
35,0.6849432013859259,0.9857374619100695,0.732636834416434,0.6982286561315305,0.5992761596898052,0.5275780622647187,0.8824206126552817,0.9077099775019575,0.8921043717829649,0.804672690195458,0.7885753313700358,0.9830598135789236,0.8106899658838908,0.6801686684290568,0.6259988596041998,0.5598160773515701,0.8648794899093443,0.8790367979324407,0.8639097057717665,0.7387431710958481,0.0003,0.5763812357377371,0.40487049637690564,0.35
36,0.7143084727158057,0.985414159075122,0.7247336874498385,0.6992978397930893,0.5972189752855034,0.5255113631208367,0.8884202678812037,0.9165253800338284,0.8925725061313975,0.8098095505037041,0.6258747080961863,0.9844872305790583,0.6538961877425512,0.7870467305183411,0.6064751148223877,0.5295005713899931,0.8885173590387062,0.8861443004108155,0.9053504750596805,0.9144653975963593,0.0003,0.7059063267350999,0.5454831758465428,0.825
37,0.6816301175924105,0.985881111889242,0.7499072738339968,0.6936758926538663,0.6077272527128736,0.5366881439618976,0.879159822422617,0.9202734731661937,0.885605583683504,0.8353602986469447,0.7567969709634781,0.9836673339207967,0.836059773961703,0.6502156779170036,0.6247820854187012,0.558852935830752,0.8876654950996885,0.9338377053955152,0.8786773330452418,0.8956700762112936,0.0003,0.5886443404132717,0.4170772522258756,0.35
38,0.6757150264543907,0.9859649600269639,0.7368496255339864,0.6955249732899889,0.5973825677533016,0.5257785573740986,0.8776417864711739,0.9159241355629301,0.8879523063668875,0.8951103765273762,0.6137517193953196,0.9852905670801798,0.758583610256513,0.7243226319551468,0.6350599378347397,0.5636817043026289,0.8974218251251519,0.8976425761858705,0.9020145888546119,0.8227830330530802,0.0003,0.684104087761418,0.5198770521279632,0.35
39,0.6546746403257423,0.9864379061716739,0.7499870240131271,0.6972068771023616,0.6107873195242659,0.5394061929154619,0.8830271208089191,0.9177308394361141,0.8888990014663056,0.8447469745840982,0.6321543405453364,0.9851178079843521,0.8034081508715948,0.710501566529274,0.6548860122760137,0.5859035849571228,0.8949717850648103,0.896250440732131,0.8982997673754287,0.7406320919593176,0.0003,0.6736057700830481,0.507847331426992,0.35
40,0.6712214567950953,0.9860293363856378,0.7463082169817987,0.69974871857144,0.6095163688481411,0.5379142828076799,0.8825429997298986,0.9217182939015796,0.8914961390199928,0.797381343685578,0.6224716206391653,0.9851351579030355,0.7950062702099482,0.733472948273023,0.670571173230807,0.5987554142872492,0.8983425152457597,0.8949629033235985,0.901585119818153,0.7427678207556406,0.0003,0.6887912843943091,0.5253101784612009,0.35
41,0.6778563230394203,0.985954888513155,0.7345555290997585,0.7011852361888529,0.6060101941367176,0.5339740684656339,0.8798465906599001,0.9015049198303355,0.8887402762155329,0.8254841254136273,0.6320175528526306,0.984736164410909,0.7488326380650202,0.7420629809300104,0.6536469509204229,0.5805479809641838,0.8975734085741555,0.8911022750370221,0.9039493982937018,0.7367519438266754,0.0003,0.6773419127118542,0.5121065823602414,0.35
42,0.6602959696934602,0.9862043534483865,0.7536598421702875,0.6959513425827026,0.6140845727140658,0.543005429138647,0.8824471948433755,0.8893316071229138,0.8907518902331564,0.8238547466625677,0.6067907512187958,0.9852326363325119,0.6572033762931824,0.778308317065239,0.6012220680713654,0.5253463561336199,0.8696677717490079,0.8745742669394817,0.8891140350945528,0.9994629422823588,0.0003,0.7118148218102369,0.5525718148774824,0.65
43,0.6641473006979327,0.9861570273604349,0.7530689016680852,0.6980004650410091,0.6156265551798812,0.5445218593160682,0.87713860952785,0.9115190309753437,0.8886938241210465,0.749754691235373,0.7478018452723821,0.9836944192647934,0.8409052888552347,0.6662137111028036,0.6429406603177389,0.5752472306291262,0.9023504542757236,0.9422885659439793,0.8926893844196178,0.7472413877646128,0.0003,0.5959659615384811,0.42446688984271114,0.35
44,0.6737061825311073,0.9860622715727191,0.7470308458693674,0.6989627296679488,0.6090778772519013,0.5377448268025835,0.8819871989619884,0.9179425858540673,0.8907311964707949,0.7626702100317054,0.6792991012334824,0.9838879158099493,0.7146893789370855,0.735099732875824,0.6069424748420715,0.5351343229413033,0.8750919519026028,0.8802944927548558,0.881408386726204,0.9159941424926122,0.0003,0.6550418988337496,0.4870351710333448,0.35
45,0.6806010706959483,0.9858568895643003,0.7450547803228147,0.6984525707280524,0.6065033195174743,0.5350788633957088,0.8813632216950688,0.9079453128280796,0.8916735941404942,0.7854282209806354,0.6371529301007589,0.984197070201238,0.6604166974623998,0.769540955622991,0.5962283710638682,0.5206745341420174,0.8894563735066742,0.8939238329148352,0.9087514287398695,0.9037727216879526,0.0003,0.6918693169640309,0.5288992345617012,0.55
46,0.6900465198766406,0.9856369133307555,0.7476759589164057,0.6952850434267632,0.6063755856496151,0.5359230559562969,0.878968195802091,0.9128058292317205,0.8841483087306524,0.787133310442773,0.7349719951550165,0.9840192496776581,0.8579366753498713,0.6527370090285937,0.6407232830921809,0.5768779888749123,0.8776517991040724,0.8701584158821435,0.8737771705998606,0.8238065590461096,0.0003,0.6078275333879742,0.4366036162658337,0.35
47,0.6784058026621275,0.9859272258303989,0.7326455447718362,0.7014583845004857,0.6016571028767345,0.5294720850815283,0.8826119307296119,0.9175858175379004,0.8922781776016709,0.8322064681587932,0.6715085158745447,0.9847711225350698,0.8542166103919347,0.6756748904784521,0.6631026913722357,0.5950196782747904,0.8899918837993464,0.870342934049575,0.8892475880050837,0.911645695567131,0.0003,0.6449113787963596,0.4759182305169246,0.35
48,0.6583626888622748,0.9863050786134239,0.7542377693630825,0.6941175533232288,0.6120404938114024,0.5414876277758697,0.8778960872623341,0.9086924070901521,0.8839418605588684,0.780060146456567,0.5837051644921303,0.9860067019859949,0.7719132353862127,0.7482359707355499,0.6716005951166153,0.5983579804499944,0.9036228964613319,0.8999353345971154,0.9085443990672935,0.7479151884714762,0.0003,0.7180529930549104,0.560126892270221,0.35
49,0.6719579682728954,0.9861400522918344,0.7513638308672147,0.6972898345127284,0.6150106436738344,0.5441753513345094,0.8842553640754889,0.9213928804131682,0.8903642235662579,0.7428834477317667,0.6048091525832812,0.9854675928751627,0.7172247469425201,0.7556583484013876,0.6409694651762644,0.5673373341560364,0.8957408104915223,0.8900051333023815,0.8982981175852814,0.8294228663047155,0.0003,0.711067692278737,0.5516718667221605,0.35
50,0.6613113108639405,0.9862229985611461,0.7468663125394661,0.6992255081640226,0.6125816081728891,0.5416993824678047,0.8863170801726615,0.9155427051564969,0.8908880313359636,0.8309481166233527,0.6038222312927246,0.986029123266538,0.8058720131715139,0.6969932715098063,0.6509481072425842,0.5799993748466173,0.8979993962354883,0.9005488407988862,0.9012364746581095,0.9128274867932001,0.0003,0.692306389457941,0.5294102409595692,0.35
51,0.6523218347090427,0.9864250649915678,0.7496155609037275,0.701482582872159,0.6172156119458029,0.5451800257803123,0.8822920771075075,0.909674927244737,0.891471334226299,0.800910657254335,0.5832260201374689,0.9862632006406784,0.7693619430065155,0.728924552599589,0.6584746142228445,0.5847615748643875,0.9011423579844048,0.9003087254022075,0.9068056923853666,0.7351893136898676,0.0003,0.7135816718463086,0.5547042173060731,0.35
52,0.6618175080446439,0.986268101451553,0.7687292901154991,0.6981987006196352,0.6245452218523649,0.5536138849837757,0.8812233692386298,0.903063782716283,0.8879051200038299,0.7407846840742592,0.5963577777147293,0.9860309461752573,0.7728332628806432,0.7208122859398524,0.6559763699769974,0.5823554620146751,0.9046363715353191,0.9008515667341088,0.9121823597369777,0.6461569517850876,0.0003,0.6992176034876134,0.537536182348972,0.35
53,0.6610577351579042,0.9862715117285185,0.7534649511364019,0.7019157214699504,0.6192203818637634,0.547849998852917,0.8779083826140697,0.9021990961484871,0.8894170694467789,0.7404186809174368,0.6382969369490942,0.9850612580776215,0.8048710773388544,0.7110192428032557,0.6621794154246649,0.5901296560962995,0.8998859402137421,0.9010752032139745,0.9110680005957034,0.7494939963022867,0.0003,0.6599549562835801,0.4924871439050726,0.35
54,0.6593607764377772,0.9863510599760251,0.7497009880074831,0.6993412199978516,0.6158147685438673,0.5445281618109373,0.8809630365442535,0.9052613622877329,0.8862466155930021,0.8363441563098231,0.5974458629886309,0.9853595246871313,0.6894409656524658,0.7825785130262375,0.637517069776853,0.5607231855392456,0.8959900759392525,0.858304935382168,0.9157352319277706,0.9962373971939087,0.0003,0.718251273412301,0.5603682363896668,0.85
55,0.6429857753704642,0.9865086245759626,0.7588610498704643,0.6983457051704978,0.6229450318300835,0.551646472137665,0.8856398511942096,0.9157945281781609,0.8915735047718939,0.7557781060165334,0.5693227276206017,0.9863761514425278,0.7680182506640753,0.750854621330897,0.6710904389619827,0.5971831182638804,0.9005737021127148,0.8970786646352082,0.9079154045524157,0.6665354718764623,0.0003,0.7245798370230214,0.5681106964250251,0.35
56,0.6676455674884475,0.986193897011124,0.766164902214692,0.6986513137817383,0.625750646691456,0.5554259394373849,0.8743451557333779,0.9009302167205318,0.8840017028632712,0.8082027797387025,0.6018259872992834,0.9857217768828074,0.7952360411485037,0.7260712633530298,0.6769691954056422,0.6040222346782684,0.9108207148253268,0.9042831639363705,0.9173642812660039,0.7486115396022797,0.0003,0.690739960525919,0.5275804192449015,0.35
57,0.6431639695836004,0.986603608198255,0.7657288162507744,0.6991469926923235,0.6264210112184008,0.5550377229663813,0.885380743725796,0.9124622029197947,0.8928617377452291,0.7949477345029884,0.584060455362002,0.98576420545578,0.7742513666550318,0.7587827295064926,0.6824009418487549,0.6087425996859869,0.9016363898909265,0.8983449465387735,0.9090700207679325,0.9067021707693735,0.0003,0.7195400102138602,0.561938690746893,0.35
58,0.6509507551928547,0.9863710525993988,0.7589708566665649,0.6993726996060844,0.6212107224442135,0.5502083332182091,0.8870494134937841,0.9173611581554574,0.8922036380903996,0.7586913654737384,0.5877274846037229,0.9855281909306844,0.723694364229838,0.7763233284155527,0.6603885690371195,0.5844023873408636,0.8800757381894249,0.8844898528882442,0.8956407677196472,0.6663164347410202,0.0003,0.7180406146963969,0.5601118279786148,0.6
59,0.6587419320489759,0.9863376985086458,0.7675654041432889,0.7016705592101979,0.6279936939756446,0.5570658060991875,0.8872350649893777,0.905029986807987,0.8964733503322949,0.7878711975623514,0.6094932357470194,0.9852965176105499,0.7572156538565954,0.7451074123382568,0.6591257601976395,0.5844325125217438,0.9112768520815625,0.8989470155595126,0.9096018289309264,0.8324500819047292,0.0003,0.6905220508976051,0.5273262152839878,0.35
60,0.657501779984091,0.9863785800532759,0.7518460912125133,0.7041353939849639,0.6222415928528687,0.5503498906287078,0.8846193287610382,0.9144633382462835,0.8954319119189896,0.8444920137663868,0.7388393233219782,0.9841024726629257,0.8927248815695444,0.6423455849289894,0.6566688219706217,0.5941198120514551,0.8720646372767246,0.8965908999546647,0.8671040335719898,0.8986096332470576,0.0003,0.6097083741804652,0.4385471097271552,0.35
61,0.6506157879517457,0.986370609185406,0.7549024525089799,0.6978273444643645,0.6134656598077757,0.542690723298866,0.878402859705412,0.9036436701642202,0.8872413598979908,0.8167447598181038,0.6070634623368582,0.9855023920536041,0.7820567588011423,0.7320199608802795,0.6746586064497629,0.6014333814382553,0.9105779348090196,0.9042622259004874,0.9125631260849635,0.8297471900780996,0.0003,0.6876773106929708,0.524015408936127,0.35
62,0.6358458611452691,0.9867357244001371,0.7545247651706232,0.7032618996138885,0.618856948112773,0.5473713423604163,0.883026694445914,0.9135142505032274,0.8917116229264216,0.7990227441921413,0.5914783924818039,0.9863032152255377,0.8464508304993311,0.6950926880041758,0.6819661309321722,0.6114064703385035,0.8975670432742295,0.8712156708578659,0.9052964626101795,0.8321516414483389,0.0003,0.6964923211340727,0.5343216096282986,0.35
63,0.6466181030340283,0.9866121171790863,0.7611402078209636,0.6988572088357444,0.6199852077760429,0.549644406989356,0.8850698651758799,0.9223286839657467,0.8881311649326721,0.7866876398291544,0.6436473478873571,0.9847629964351654,0.7920721272627512,0.7264340569575628,0.6674485206604004,0.5953275958697001,0.9124594054369842,0.9029630422910814,0.9061767835507023,0.6549612780412039,0.0003,0.6696549843486472,0.503369409041014,0.35
64,0.6530299757685617,0.9863973694426991,0.7633213283859681,0.6996772645789886,0.6263145219499819,0.5548751540830202,0.8857123424913266,0.919987289428136,0.8965137926552172,0.808865455823524,0.5834195340673128,0.9863673746585846,0.7705069979031881,0.7234974155823389,0.6504385968049368,0.5760716299215952,0.9075445540333716,0.90007588462311,0.9120618882406948,0.824819028377533,0.0003,0.7053443214684335,0.544812287286184,0.35
65,0.6404900057850597,0.9867231394642981,0.7644319662423892,0.7032461093964978,0.6277236222663772,0.5555988778577787,0.8855271021111645,0.9231978889926505,0.8920000347368734,0.8375246324271799,0.6102025955915451,0.9853991866111755,0.7771262923876444,0.7334821224212646,0.6650753567616144,0.5921775201956431,0.9051071663574105,0.8983608724934854,0.9088896513813229,0.6648878157138824,0.0003,0.6886331515565364,0.5251262469951259,0.35
66,0.6365277302042346,0.9867461680251861,0.7683595184967896,0.7006692332085048,0.6289544576239363,0.558220969460835,0.8787333512651686,0.8934455336353688,0.8899918465188329,0.7700013418063939,0.6379685252904892,0.9850887209177017,0.821699524919192,0.7062277495861053,0.6705780376990637,0.5995641549428304,0.9109769877253823,0.9064736590950222,0.9071379641689788,0.8219438294569651,0.0003,0.6676659621277196,0.5011250505874799,0.35
67,0.6366584949961333,0.9867462833351064,0.7626403492187785,0.7040266422467811,0.6285715813391677,0.556794168514626,0.8889593394725283,0.9066503767122819,0.8976824945666767,0.80789016841728,0.606038048863411,0.9850688974062601,0.7131690482298533,0.7679066707690557,0.6425657769044241,0.5681960781415304,0.8970118784723405,0.8894468686163726,0.9040633483924014,0.8323459972937902,0.0003,0.6979423934571187,0.536030349156834,0.35
68,0.6390030183524729,0.9866043056283041,0.7624548595642375,0.7030733305717183,0.6255793490699518,0.5542315406219982,0.8780168247559568,0.8990618350785853,0.8930824261105945,0.7538167695018733,0.6478963866829872,0.9850988835096359,0.8052079230546951,0.7127818961938223,0.6697176992893219,0.598500187198321,0.9063919250826995,0.9048369323878763,0.9082129185002162,0.7305911680062612,0.00015,0.6618894007099063,0.4946447633413284,0.35
69,0.6344499585227431,0.9866912014016481,0.7667501112010991,0.7031112586226419,0.631273114514128,0.5600012231652982,0.8780991165144097,0.9129892366226184,0.8894249978074383,0.7703744418153139,0.592667892575264,0.9858858237663904,0.8035765488942465,0.7246038615703583,0.6821108311414719,0.6104699770609537,0.9068660308516794,0.9043272063536429,0.9101412491275617,0.5759827295939127,0.00015,0.6981729417476406,0.5363023739000355,0.35
70,0.6194240389583267,0.9870371902100393,0.771848649622124,0.7061099159383328,0.6403980129790083,0.5692564079137606,0.8892346744334774,0.9094849265556042,0.898080247505224,0.7809171710058908,0.5707852989435196,0.9864103943109512,0.7503798802693685,0.7435639699300131,0.6464084113637606,0.57310850918293,0.8914107494209217,0.8896793719743329,0.9002956073901213,0.5831219553947449,0.00015,0.7193158604264961,0.5616653148108843,0.35
71,0.6173051776730012,0.9871218789403684,0.7631863472617675,0.7055853170769237,0.6321632268829881,0.5601429557688883,0.8816086258961431,0.9063225717823246,0.8948726280800975,0.8367515858088699,0.5866158828139305,0.9863392611344656,0.8164598594109217,0.7087094436089197,0.6810340036948522,0.6090623140335083,0.9058575894409485,0.9006888465362208,0.9080427804388296,0.5815898577372233,0.00015,0.6980784440612434,0.5361908640941947,0.35
72,0.634745262493597,0.9869074297842578,0.7721908788814723,0.7009617825534856,0.6357290736425703,0.563547043599815,0.8844101864508184,0.917056799907375,0.8920098919082314,0.7350440443119156,0.6151626457770666,0.9853396117687225,0.7939137270053228,0.7320939153432846,0.6741970976193746,0.6024455924828848,0.9004529961056934,0.8918529355650753,0.9086794048120014,0.5746831049521764,0.00015,0.6836174134716729,0.5193151447520911,0.35
73,0.6202637848452986,0.987061903855511,0.7656767100931328,0.7079476157081461,0.6357265206697945,0.5638078857805128,0.8868156762014597,0.9071524277369242,0.8972180029323119,0.7533300897785437,0.6020036439100901,0.9857033242781957,0.8034771233797073,0.7211912572383881,0.6771733115116755,0.6050099084774653,0.8998880122380809,0.899350605545452,0.899155739352368,0.6658147623141607,0.00015,0.6906770400036567,0.527507010192506,0.35
74,0.6331394342618568,0.9868762782800977,0.7595291282529029,0.7057043531230677,0.629629137360047,0.5577313916705479,0.8834778880656241,0.9023313664809892,0.8961624667881984,0.7596364801175126,0.5984216133753458,0.9855090975761414,0.788552775979042,0.7436216523249944,0.685376450419426,0.6119923492272695,0.9103638086599402,0.9021901295257849,0.9088307242859983,0.6660490036010742,0.00015,0.7021671090884394,0.541030446990472,0.35
75,0.618717364340185,0.9870863205918642,0.7731912013526275,0.7037234946946117,0.638074410295932,0.5664091282915846,0.8839987007077437,0.9166053248095034,0.8984007007123249,0.8164857174748572,0.5975606143474579,0.9857555876175562,0.813786139090856,0.7229206959406534,0.6825791845719019,0.6102069964011511,0.9069447461012432,0.9036027368569507,0.9101840161355939,0.6648599803447723,0.00015,0.6877556407608348,0.5241063799733254,0.35
76,0.6238309490346463,0.9870387427160673,0.7745619015158894,0.702130941030021,0.638917104106083,0.5676717437873376,0.8883984065520655,0.9205470618259757,0.8951043804678528,0.7718715634301444,0.6542273014783859,0.9848972062269846,0.838768353064855,0.6941093504428864,0.6780381749073664,0.6085392733414968,0.9021237186932688,0.9057596292012172,0.9000915103166337,0.8270132293303808,0.00015,0.6578100839663461,0.4901020907016845,0.35
77,0.6356583438187002,0.9868559302570664,0.7674741984527802,0.7105796888609913,0.6408060404741875,0.568545281608528,0.8921519852064104,0.9152630538589882,0.9000375515078272,0.7485003242982882,0.5799083908398946,0.9865597387154897,0.8328942606846491,0.7051312724749247,0.6830659111340841,0.6109569395581881,0.9106757814108509,0.9081033735833209,0.9209631603294187,0.33243351181348163,0.00015,0.703646915730671,0.5427895565409779,0.35
78,0.6185269751281381,0.9871302079931598,0.7684081508734516,0.7043589409266677,0.6330011492577668,0.5614667423417635,0.8842645139549739,0.9031817600902736,0.8941889696353925,0.8070872086230839,0.5814774384101232,0.9860879083474478,0.7572381546099981,0.7445999383926392,0.66081403195858,0.5861231336990992,0.9060964722149674,0.8997497782980358,0.9121071196437568,0.7495036621888479,0.00015,0.7064471599103093,0.5461293408483513,0.35
79,0.6254691208634421,0.9870300382097191,0.7661336899917817,0.7025173618414692,0.629637215182046,0.5586417155845143,0.8796815420457369,0.9046593346235015,0.8896623642970206,0.7530462424331736,0.5853016699353853,0.9863076011339823,0.8281432340542475,0.708699956536293,0.6784196645021439,0.6089483549197515,0.9023201839793065,0.9043527516545026,0.9046073131755071,0.8330137679974238,0.00015,0.7044299264440658,0.543721980634381,0.35
80,0.6277721788838645,0.9869298322178494,0.7760475684549207,0.7026919811685509,0.635158221298289,0.5639722207996333,0.8855961128047812,0.9199551099147629,0.8935956245663725,0.7500361722206401,0.5922625884413719,0.9857033689816793,0.7776322315136591,0.7412022550900778,0.676710863908132,0.6028976341088613,0.9031107563530091,0.8981184656744333,0.9104911290786899,0.6562174757321676,0.00015,0.6995364616972183,0.5379131679543773,0.35
81,0.6308203710016803,0.9869642798031601,0.7699270705196345,0.7096164081698266,0.6408359380525963,0.5678383529743302,0.8877747725319166,0.9103020636651341,0.9003240700644265,0.8565141787038786,0.5666893968979517,0.9867195089658102,0.8286878565947214,0.7214894642432531,0.6970405777295431,0.6243989368279775,0.9007938191347993,0.899858662263007,0.9054873329471463,0.5830179899930954,0.00015,0.7153621798164491,0.5568590372924093,0.35
82,0.6215633674759731,0.9872553465522338,0.7765409963153233,0.7014640305086831,0.6398954124094169,0.5682745885069125,0.892383035963385,0.9263033615439713,0.901031883075615,0.73316745223286,0.6011617332696915,0.9859080066283544,0.8169187208016714,0.6999659438927969,0.6608068297306696,0.5892627959450086,0.8946324998189487,0.896096755144217,0.8940689669021991,0.6658432135979334,0.00015,0.6875550676703238,0.5238734599327517,0.35
83,0.6147102008913164,0.9871994139992188,0.7687940447129936,0.704791910458948,0.6339850255819125,0.5616498884753646,0.8867270529809989,0.9067911430235186,0.8976494693839226,0.7921217908369047,0.5973872145016988,0.9860580762227377,0.8384909282128016,0.7057892084121704,0.687782034277916,0.6160752152403196,0.9115735907500241,0.9090622595290148,0.9092535389014774,0.8314578632513682,0.00015,0.6936858828993795,0.5310253283026913,0.35
84,0.6088663286694856,0.9873422891180091,0.7848085677512339,0.7060859125351238,0.6507871855642194,0.5784502761943318,0.8925835540158636,0.9232926304555681,0.9018279216177862,0.7960916802147838,0.584671417872111,0.9858622302611669,0.7654068966706594,0.761871283253034,0.6833431124687195,0.6095054795344671,0.9041907707491794,0.8956932341785739,0.9081258206483421,0.7404326945543289,7.5e-05,0.7151649656135767,0.5566200690935107,0.35
85,0.60152066812337,0.9874112221682183,0.7786022307716798,0.7079983465025358,0.6444213437699826,0.5724869771538493,0.8851733619097651,0.9097238973639462,0.8959180356608581,0.7995752848197366,0.5660995493332545,0.9866416652997335,0.8202837854623795,0.722942958275477,0.6894983897606531,0.6174712975819906,0.9105685408692589,0.9065261070939363,0.9127964532273015,0.6647183249394099,7.5e-05,0.716107042489641,0.5577622638250518,0.35
86,0.6085892729113035,0.987389119429009,0.7879394019875571,0.7038012898970987,0.6462218780940938,0.5751741776399524,0.8849995833497096,0.9087092700512227,0.8925864089471892,0.799462214251545,0.5674137622117996,0.9863385458787283,0.769193117817243,0.7586925774812698,0.6833738287289938,0.6094209055105845,0.9045442390332128,0.8985651798370379,0.9107866181497241,0.4960688551266988,7.5e-05,0.7263212785278005,0.5702547010352932,0.35
87,0.5950653708983804,0.98757144056748,0.7823304082745703,0.707053798938466,0.6483767748436081,0.5764501064180214,0.8886505324744095,0.914980740459692,0.8975044437524262,0.7812192050096031,0.5782210379838943,0.9864980131387711,0.8235243409872055,0.7182439515988032,0.6877797742684683,0.6158282135923704,0.9006946566044111,0.9015061766557794,0.9043528480400638,0.7497483193874359,7.5e-05,0.710725850628124,0.5512604522279244,0.35
88,0.6011401158626949,0.9874578368998019,0.7805066805019557,0.7098161191026741,0.6508457025634908,0.5784039636638677,0.8949458636811559,0.906735191083977,0.9036514257143424,0.7734335326702795,0.5752971222003301,0.986393521229426,0.7862294514973959,0.7363573610782623,0.6729607631762823,0.6001131981611252,0.9058808467246918,0.9001816346569953,0.9079035202042007,0.7492892344792684,7.5e-05,0.7146962160506066,0.5560523706348326,0.35
89,0.6065224186282292,0.9874736973058398,0.7789150710417846,0.7082376134729831,0.6466878699922116,0.5743933228131767,0.88572142815348,0.9128017467823651,0.8959884468364877,0.7894800678591862,0.5618392278750738,0.9867832511663437,0.8227096597353617,0.725124662121137,0.6951894064744314,0.6234844376643499,0.9049869233414493,0.9047929368839034,0.9114365582664435,0.5803784281015396,7.5e-05,0.7218725849282392,0.564789219303365,0.35
90,0.5997710991128583,0.9874986009063008,0.7816600086533021,0.7129445922708957,0.6538898593911501,0.5813579645669349,0.9014981252927122,0.9295327575340351,0.9088717161253745,0.772843260631383,0.568807544807593,0.9867423474788666,0.8517449200153351,0.7065603584051132,0.6995046784480413,0.629284585515658,0.9172624500132301,0.9153541467474993,0.917883603634449,0.7417277097702026,7.5e-05,0.7161793315093277,0.5578499778724452,0.35
91,0.5943292373808745,0.9875416872657348,0.7843269995439832,0.7055412302507418,0.6488747903119738,0.5770277314096968,0.8917167991187435,0.9341873395385492,0.8964832505846638,0.7541939081432664,0.585063025355339,0.9864110996325811,0.8340009599924088,0.7086349775393804,0.6880501806735992,0.6153364926576614,0.9102453723546756,0.9056489184321531,0.9180457511302912,0.5787078191836675,7.5e-05,0.7027989038837223,0.5417809975556271,0.35
92,0.6088631841066842,0.9874457349287016,0.7784451068004715,0.7104676622096623,0.6482419956510312,0.575609112454352,0.8936229211781254,0.9166182940136615,0.9008717574509796,0.7786192827135603,0.5686455319325129,0.9866568744182587,0.8128097852071127,0.7243472983439764,0.6904788861672083,0.6173812597990036,0.9193856166675513,0.9104269837636044,0.9217221645346335,0.5817006727059683,7.5e-05,0.7136313225456203,0.5547642251039763,0.35
93,0.6005870179038182,0.9875978047602645,0.7766517512152128,0.7101584043458243,0.6462681377045462,0.5738227375756915,0.8939128207803366,0.935034427025096,0.9009774658743996,0.7804449434592345,0.6055389940738678,0.9860112518072128,0.8385271529356638,0.69600843389829,0.6788841485977173,0.6081057488918304,0.9030649132989876,0.9039033358754005,0.9080443589460719,0.833101804057757,7.5e-05,0.6891937617278028,0.5257785182931944,0.35
94,0.6063763992251637,0.9874327879085719,0.7719565162034793,0.7063483111212187,0.6396075526130534,0.5674933462499459,0.8878100074023542,0.9237412539092933,0.8967461620325516,0.7600034235793853,0.5805603042244911,0.9863405227661133,0.8132545600334803,0.7254393994808197,0.6911918073892593,0.6186213543017706,0.9074567323540622,0.9031805892759642,0.9091134108570303,0.7497049868106842,7.5e-05,0.7095816350347098,0.5498849476264109,0.35
95,0.5962838948330033,0.9875553556691821,0.7814295381029076,0.7091884083836992,0.6517889009457882,0.5793559030394688,0.8982561346229926,0.9227007600591582,0.9042988041616407,0.7789948521373428,0.5817753548423449,0.9860946039358774,0.8015992840131124,0.7346619069576263,0.6890900482734045,0.6162586510181427,0.9022807177081216,0.9010593662571881,0.9060395899586596,0.4983094284931819,7.5e-05,0.7062704919782673,0.5459182059305632,0.35
96,0.5967782905725675,0.987584421010775,0.7843135366930025,0.7084316388468876,0.6522509762059863,0.5803634900356007,0.8913405790148758,0.9212344456026007,0.8981224817018992,0.7920171150537295,0.5690355102221171,0.9866433590650558,0.8253584951162338,0.723671113451322,0.6946411977211634,0.6227497557799021,0.9094815240876848,0.9074761277620883,0.9114323375933667,0.8329110443592072,7.5e-05,0.7170094026376272,0.5588578779237064,0.35
97,0.5944316211704895,0.9875415268345414,0.7849244263684638,0.7054237316702013,0.6486762689652844,0.5769499423347901,0.892144448120094,0.9205161613799612,0.8983751392959268,0.7822913716886645,0.5674047892292341,0.9865859945615133,0.8216404567162195,0.7257446696360906,0.6963606278101603,0.6245589653650919,0.8951039600151743,0.8991043114445868,0.8998214661928651,0.49564098318417865,7.5e-05,0.7192738558485714,0.5616140961388041,0.35
98,0.597770149462691,0.9875857272994852,0.7905928999464088,0.7072084456960731,0.6546483931140364,0.5826231684083136,0.8880894671693925,0.9154575321540361,0.897126680968729,0.80114315603381,0.5852886512875557,0.9863239377737045,0.8197046220302582,0.7133489300807317,0.6808114349842072,0.6095052659511566,0.9031195186327631,0.904221218170638,0.9042420548381035,0.8321277250846227,7.5e-05,0.7030717203217506,0.5421053201928602,0.35
99,0.5918052402612205,0.987668661870689,0.7721001466858053,0.7081755054331271,0.6427001593825973,0.5701475160144199,0.8959388971169644,0.9190430866329118,0.904624622747301,0.780741917752774,0.5627301161487898,0.9866263469060262,0.8036436786254247,0.7392694105704626,0.6942784537871679,0.6204137553771337,0.9091768042193856,0.9012566885106388,0.9140793362060323,0.6665352831284205,7.5e-05,0.7201879535933099,0.5627294692339697,0.35
100,0.598892082399297,0.9876019347493894,0.7767574536466153,0.7095402312055926,0.6456152142208313,0.5729682189281856,0.8954773813249226,0.9300718691741005,0.9021678423403305,0.8339506382140044,0.6180554752548536,0.9856741180022558,0.8359469125668207,0.7019637922445933,0.6789442151784897,0.607395035525163,0.9022541719835262,0.9031798743122744,0.9051691191088634,0.7483607480923334,3.75e-05,0.6797672314685054,0.5148843807482949,0.35
101,0.6016010463794815,0.9876701881952374,0.7965315909029167,0.7050927080840708,0.6553129085870547,0.5835164286822916,0.8857190065511802,0.9344117485839987,0.8917736030573185,0.708747496114713,0.5742474943399429,0.9863311996062597,0.7969137181838354,0.7422306885321935,0.6917324960231781,0.6179657131433487,0.9076808647439699,0.9018859906576265,0.9125830683276007,0.5829443633556366,3.75e-05,0.7134782098604774,0.5545791881095748,0.35
102,0.5955887938214239,0.9876926630456871,0.7830438379929444,0.712091627800576,0.6569449572919686,0.5846803734235675,0.8925410284893317,0.9241269070830227,0.9015045315533514,0.7456137025467703,0.5906366482377052,0.9860660036404928,0.8168203383684158,0.7225614090760549,0.6887578765551249,0.6162403797109922,0.9106482353012897,0.9071686025644751,0.9125165144210804,0.746061901251475,3.75e-05,0.7023244656485509,0.5412173128469707,0.35
103,0.5987077235618484,0.9876530872327145,0.7906352989027433,0.7052256075021263,0.6515309417916235,0.580031682676244,0.8899390167469554,0.9189597821198932,0.8981059850132316,0.7169055147705791,0.5961797907948494,0.9860762059688568,0.8313289235035578,0.7090163876612982,0.6853969345490137,0.6134955982367197,0.8995260963835143,0.8996314048821435,0.9014861426296971,0.6617243637641271,3.75e-05,0.6956729496740407,0.5333577567839309,0.35
104,0.5917271840795179,0.9877114518780574,0.7787678425557145,0.7108238812918976,0.6502123569773737,0.5773245530707813,0.8966413526620276,0.9220057608199137,0.9052354813541112,0.7629123558507902,0.5714534198244413,0.9864678581555685,0.8129389236370722,0.7307622681061426,0.6938610027233759,0.6210304796695709,0.9110742600708699,0.9067359589115864,0.9146664764007936,0.5820970634619395,3.75e-05,0.7146929313581682,0.556048394033772,0.35
105,0.5937389870670354,0.9877354051465186,0.7867222266776539,0.7053694101137535,0.6484878597972549,0.5768027124560882,0.8949186962494353,0.9287669098791674,0.8993861033517111,0.7528856508085661,0.5753089934587479,0.9864313652118047,0.8195995589097341,0.7289398809274038,0.6949834674596786,0.6227878133455912,0.897379340028379,0.8992658093710726,0.8992762666923765,0.7479592661062876,3.75e-05,0.7133939608960616,0.5544773918466033,0.35
106,0.5842625136687377,0.9877946967276457,0.7926097562379926,0.7071995261673615,0.6593569851367274,0.5877292159004747,0.8933052644183468,0.9130000063862478,0.8995097744923286,0.8093460681282472,0.5934879531462988,0.9859960228204727,0.8268003960450491,0.7181726545095444,0.6908255765835444,0.6178423638145129,0.9086533606969812,0.9063652275719026,0.9108421644746318,0.7308229158322016,3.75e-05,0.6967808409180642,0.5346612932005446,0.35
107,0.594457350044607,0.9876765068446365,0.7851409109953408,0.709751026095631,0.6522237201717412,0.5796155545199029,0.8985797487178655,0.9257314148605315,0.9032275953757133,0.8173872544386677,0.5827761640151342,0.9862795819838842,0.8136690358320872,0.7262673626343409,0.6924736350774765,0.6192660083373388,0.9122596598726455,0.905785731808881,0.9134812682174517,0.6460431317488352,3.75e-05,0.7080504932000461,0.5480481160244521,0.35
108,0.5850003150021919,0.9877639329322031,0.7758936720473744,0.7128281788291219,0.6506302958336946,0.5773066583080827,0.9005030706514655,0.935416467304435,0.908751398648001,0.7442881420393971,0.5696720679601034,0.9865951587756475,0.8237013717492422,0.7247431178887686,0.6953070561091105,0.6230902969837189,0.9030350515252797,0.9015916544568756,0.9045450812575598,0.7468956510225931,3.75e-05,0.7169456607470653,0.5587804341668692,0.35
109,0.5825292838511066,0.9878430594907743,0.7981901380503289,0.7048432654309496,0.6585687549314766,0.5870678817557398,0.8898713046435064,0.9184965530530007,0.8960649353531734,0.7641348816524042,0.5720462476213773,0.986486554145813,0.8215445876121521,0.7279908259709676,0.6994079351425171,0.6261470367511114,0.9091785869040523,0.9044106780950557,0.9117378922288587,0.7413328588008881,3.75e-05,0.7121597495556343,0.5529876468065739,0.35
110,0.5919509064928393,0.9877622495187777,0.7788218722165188,0.7125047707112035,0.6533708722791939,0.5803356538309115,0.9010744879173586,0.9332425142678933,0.9105158081210497,0.7523772738804327,0.5881470069289207,0.9860892444849014,0.8197009911139806,0.725996176401774,0.6933966229359309,0.6209137092034022,0.899668622828397,0.8998703850682729,0.904038171021754,0.8323564976453781,3.75e-05,0.7042256924520026,0.543478666269443,0.35
111,0.5941847295404594,0.9876851021686447,0.780017982576495,0.7121702989685201,0.6526557970269818,0.5802624000010089,0.8956873487223278,0.9341643494168437,0.9022169486847729,0.7414475384159623,0.5694683343172073,0.9864446371793747,0.8097666949033737,0.7427165359258652,0.7052656610806783,0.6315862238407135,0.9164063004670185,0.9069016313514601,0.9154681840186192,0.6626215974489847,3.75e-05,0.7201060014090487,0.5626294069682206,0.35
112,0.5809186357204045,0.9878211623040315,0.7888146065105902,0.7126641234504842,0.6600616980935926,0.5873889363257685,0.899772770441489,0.9235300371891704,0.9054608859601282,0.7957933155175682,0.587137371301651,0.9861341019471487,0.8254616508881251,0.7205078701178232,0.6928237626949946,0.6201399862766266,0.907831000708413,0.905341158398557,0.9115403267659671,0.8220065881808599,3.75e-05,0.7037121475464843,0.5428671928190543,0.35
113,0.5893044922953454,0.9876741883910705,0.7867042037928216,0.71110880486319,0.6581306145569988,0.5857863788292786,0.892841698763931,0.927878953279793,0.9014674418681753,0.7534724546370105,0.5758422116438547,0.9863806317249934,0.8181021561225256,0.7328017801046371,0.7005833933750788,0.6270797252655029,0.9092445035543966,0.9033566169433161,0.9125643674525326,0.6495335698127747,3.75e-05,0.714196330373343,0.5554474195746322,0.35
114,0.59412207586743,0.9876818356112899,0.7845077642770572,0.7080252426807011,0.6497359991630661,0.5777415822599535,0.8879074599076503,0.916706434315443,0.8973984902887848,0.7641273865075869,0.5601765116055807,0.986773615082105,0.8168772608041763,0.7335489789644877,0.7020319501558939,0.6286287655433019,0.9000035718093571,0.8984471862388163,0.9083350963299973,0.5722790112098058,3.75e-05,0.7220020248768071,0.5649477064371539,0.35
115,0.5822469344205945,0.9878439357347577,0.791120485167637,0.7083864713383612,0.6559140609803601,0.5839188513911773,0.8921311456878529,0.9241882946878375,0.9002031780827875,0.7731793105045212,0.5975271935264269,0.9859995444615682,0.8330548057953516,0.705601284901301,0.6872575134038925,0.615726629892985,0.9040027777498955,0.9061806443132241,0.9060538510056665,0.6569083333015442,3.75e-05,0.6913126497214849,0.5282488973204965,0.35
116,0.578611927890332,0.9878573150278251,0.7860855861244914,0.7112556250295906,0.658501636759143,0.5861677872800382,0.8975162285101813,0.9323470767023148,0.903763294405164,0.7416260058634749,0.5667466794451078,0.9866072634855906,0.8186766604582468,0.7317308485507965,0.7011705338954926,0.6276784390211105,0.9066099153915991,0.904161817525385,0.9103018328988904,0.6613997668027878,1.875e-05,0.715760932864952,0.5573424381661979,0.35
117,0.5911843016325871,0.9878096909166496,0.7900023510522931,0.708821488875095,0.6558698301560411,0.5840719091558011,0.8861817053472398,0.9096106144558305,0.895788660350516,0.7901684419016972,0.5652312462528547,0.9866155286629995,0.8173318058252335,0.7294061730305353,0.6976255178451538,0.6242551952600479,0.9128351663847228,0.9083437515114028,0.913293545663803,0.7470559875170389,1.875e-05,0.7161494062142111,0.5578136659210667,0.35
118,0.5882912498211192,0.987785250227028,0.7908917197557254,0.7088189631979042,0.6560381116154038,0.5838979474294965,0.8920438345788974,0.9197805140392022,0.9008499924002671,0.7806044727842384,0.5686347981293997,0.9864644308884939,0.814459428191185,0.7344527045885721,0.6982511579990387,0.6253962616125742,0.9035013510935984,0.9024354288821046,0.9062022907795,0.8237191239992777,1.875e-05,0.7156308213380901,0.557184673400547,0.35
119,0.5938212885477833,0.9877074410982221,0.7863307149610786,0.7111400003745177,0.6553663928932119,0.5831088061644653,0.8941281075601971,0.9256145206580365,0.9047366004259776,0.8183186951084672,0.5799388711651167,0.9862901121377945,0.822465052207311,0.7224367608626684,0.6923353523015976,0.6198558211326599,0.8989300028591337,0.9011085962824311,0.9019409334638274,0.6641521453857422,1.875e-05,0.7062817570003547,0.5459316669780797,0.35
120,0.5855385468941983,0.9878377218112767,0.7900240153909843,0.7086222717695148,0.6551440564271446,0.5831228093566182,0.8980342502486829,0.9395403081325375,0.9035515127584832,0.7910178715937606,0.5718343084057173,0.9864852527777354,0.8183602392673492,0.7253655046224594,0.694798747698466,0.6215153336524963,0.9098658548405639,0.9070218316513178,0.9107336369319924,0.5683870414892832,1.875e-05,0.7125433983021273,0.5534504210571625,0.35
121,0.5822028136141947,0.9878443223293697,0.7909744883252081,0.7114621055460422,0.6619813458941807,0.5893887462459992,0.8951515928940637,0.9382021401685716,0.902589587324623,0.8110515464132078,0.5749699547886848,0.9863923887411753,0.8130192160606384,0.7286567439635595,0.6921576211849848,0.6183439592520396,0.9109214063620561,0.9062556908351533,0.9138455513967266,0.6451834092537562,1.875e-05,0.7098921315646006,0.55025796596832,0.35
122,0.581881105342758,0.9879004615489567,0.7985235953999457,0.7042989535866496,0.6572114981223489,0.5855185024649183,0.897794150873173,0.9286595659135877,0.9022423961811394,0.7323433907232552,0.5830750912427902,0.9862547218799591,0.818652555346489,0.7226552913586298,0.6879210968812307,0.6163270473480225,0.9003667705576129,0.9011194176529167,0.9017946715740438,0.7454743583997091,1.875e-05,0.7065682539575426,0.54627409302411,0.35
123,0.5823008613051656,0.9878228039385002,0.787533416369251,0.7120874418276493,0.6573334453261901,0.5850128623369698,0.8906393693396214,0.9307824044488482,0.8990318158835134,0.7524503514031383,0.5661046355962753,0.9865281730890274,0.803276851773262,0.7448033541440964,0.6978444357713064,0.6243086407581965,0.9112955539164252,0.9059901000349005,0.9179813598342202,0.74750384191672,1.875e-05,0.7213296205827658,0.5641247597460419,0.35
124,0.5791694870061963,0.9879529882814283,0.7939433505601972,0.7088028264937,0.6588510266531293,0.5873744164671854,0.8913433188937074,0.9224258213897302,0.8987624672901283,0.759119335179017,0.5728884314497312,0.9864323834578196,0.8132821371157964,0.7312199970086416,0.6943804522355398,0.6213743935028712,0.9134624332148394,0.9072027020757717,0.9140342872474804,0.6652124524116516,1.875e-05,0.7128394541616205,0.5538077254362237,0.35
125,0.5866199623201495,0.9877699000813137,0.7892101869404873,0.7074651434042744,0.6566929301925909,0.5848235618845324,0.89467987467241,0.9257998335382394,0.9010224635293144,0.7736800485682265,0.5699196135004362,0.9865012417236964,0.8197385221719742,0.7288060237963995,0.6981706817944845,0.6255267610152563,0.9073646604948449,0.9068377392829808,0.9101470040364866,0.8285965522130331,1.875e-05,0.7139515078137867,0.5551513120632705,0.35
126,0.5905161096113865,0.9877933887677772,0.7872033069066913,0.7079728869634254,0.653052784015085,0.5811450495341114,0.8941051160791142,0.9380198977297407,0.9017557676310312,0.7342066464023055,0.5622039437294006,0.9867217193047205,0.8154822488625845,0.7361893157164255,0.7010048727194468,0.6270142694314321,0.915551124375083,0.9092234983839952,0.917398792716062,0.5697088291247686,1.875e-05,0.7212580001030678,0.5640371553930108,0.35
127,0.5914042586478118,0.9877920340154772,0.7877303077795795,0.7113994053591077,0.6563284213297835,0.5834693669158721,0.8936939813932983,0.9132852092801722,0.9042926461589036,0.7352442145347595,0.5777903149525324,0.986429343620936,0.8169276416301727,0.7211833695570627,0.6859372903903326,0.6127654438217481,0.9153978932103902,0.9099663690665505,0.9140453705820161,0.4993859827518463,1.875e-05,0.7077204570265196,0.5476527589367226,0.35
128,0.5908301102223797,0.9878234763011754,0.7852982516600707,0.7116637090656245,0.6575153280641431,0.5850181434756128,0.8949590989609609,0.9290889058497948,0.8993544872375578,0.7824422516555429,0.5689583693941435,0.9865014801422755,0.808089037736257,0.7350895802179972,0.6941945751508077,0.6209728618462881,0.9085724209825635,0.9042537929468346,0.9112598118375376,0.5823030024766922,1.875e-05,0.7163458206048291,0.5580520299811034,0.35
129,0.5756591945608086,0.9879367407237258,0.7885549909600588,0.7143411084870311,0.661987384346044,0.5893451719083519,0.8998359529797654,0.935671208154284,0.9050176980880427,0.7263288971419647,0.5719152688980103,0.9866079489390055,0.8300137668848038,0.7117987324794134,0.6883556346098582,0.6167024647196134,0.9092515374857776,0.9100362149344624,0.9137454950988859,0.7482386728127798,1.875e-05,0.7103197108801251,0.5507719369466872,0.35
130,0.5844649725428251,0.9879369111818688,0.7904774875284355,0.7059612964915338,0.6531086889939888,0.5819105121576897,0.8917590743719291,0.9237948637134962,0.8986533226959941,0.829416556893108,0.566781111061573,0.9866507748762766,0.824484164516131,0.7259480506181717,0.7004926155010859,0.6275265291333199,0.918573169991908,0.9115541643531495,0.9161228756293557,0.5710937082767487,1.875e-05,0.7165991037404723,0.5583595163673162,0.35
131,0.5827460726287877,0.9879373980459766,0.7876806682515367,0.708448872945019,0.6554795208378373,0.5834264833236409,0.8973423360855788,0.9355099311491291,0.9041405072627776,0.6883479401329967,0.5763727823893229,0.986453061302503,0.8227724234263102,0.7189671943585078,0.6917222142219543,0.6186138242483139,0.9192328603401562,0.9130311436475207,0.9161228756293557,0.6528572738170624,1.875e-05,0.7091347405473788,0.5493483811381457,0.35
132,0.5809265330573109,0.9878736996205053,0.7876612833727186,0.7081220133282314,0.6572304019861133,0.585265576839447,0.8960400297114112,0.9104902473230103,0.9014083864677365,0.7547278354101092,0.5715380112330118,0.9865077088276545,0.8176387796799341,0.7281555185715357,0.6952649801969528,0.6225468864043554,0.925984665620294,0.9161596587599218,0.9207007453275639,0.48273423810799915,9.375e-06,0.7158061843585682,0.5573973146735728,0.35
133,0.5830177046428217,0.9878889873763111,0.7893893351064665,0.7127327991423206,0.664212365016759,0.5914711200188254,0.8982435079932163,0.9246681173066507,0.9042026062683408,0.7719245631004048,0.5610342522462209,0.9867852379878362,0.8135890861352285,0.7291073699792227,0.6951192567745844,0.6219980070988337,0.912188530504177,0.907513251478418,0.9112128140329089,0.49759554862976074,9.375e-06,0.7206114868976152,0.5632468007318421,0.35
134,0.5854265531089818,0.9879199138311582,0.7949120853548852,0.7101022835089782,0.6636463913405053,0.5912448432400962,0.901277200619681,0.937297471847086,0.9062380857392051,0.7360358962388797,0.5747801214456558,0.9865236282348633,0.8215660899877548,0.7179332971572876,0.6887477586666743,0.6160447796185812,0.9170273394810705,0.9123391025866869,0.9143694610751778,0.49214330812295276,9.375e-06,0.7090396417898387,0.5492342481943235,0.35
135,0.5851322596318254,0.9878639935333038,0.7858210874495105,0.7101134195506016,0.6555442361631126,0.583557840262618,0.8948388520004541,0.9123617572883826,0.9022023696229622,0.8013422021241946,0.5677771667639414,0.9866265704234441,0.8125001837809881,0.7274475395679474,0.694276417295138,0.62082789093256,0.9230646968029133,0.9142173596633985,0.9221337903023601,0.7478725612163544,9.375e-06,0.714598047085397,0.5559335315038638,0.35
136,0.5715837030210228,0.9880041797584462,0.7920489918405764,0.7088946053914935,0.6587718151440131,0.5869194258039243,0.8934106438180482,0.933070870362684,0.8997336245576536,0.8385710961350771,0.5848241373896599,0.986279288927714,0.8294618874788284,0.7151042570670446,0.6905518770217896,0.6186891794204712,0.9078606874815082,0.9085797574315571,0.9084677198447254,0.7420259813467661,9.375e-06,0.7032543781956633,0.5423225391095071,0.35
137,0.5780821459315647,0.9879395137323397,0.7897422096439611,0.7123490232173527,0.6623748109162411,0.5894857252312597,0.9023749642223864,0.9276903062920792,0.9090130349968393,0.8263371007464756,0.5671628812948862,0.9865746746460596,0.8143886576096216,0.7331713487704595,0.6976408362388611,0.6247169226408005,0.9103548378363276,0.9059169924442085,0.9086680293684178,0.4928724418083827,9.375e-06,0.7187649064614031,0.5609937708439146,0.35
138,0.5778380724314217,0.9879068464876335,0.7865342391985599,0.7134846758062594,0.6581654175419673,0.5854011615303075,0.9006392055416075,0.9209991988882267,0.9092819692619732,0.8189131216468098,0.5691909591356913,0.9866199294726054,0.8204657236735026,0.7239008595546087,0.6943096667528152,0.6214525550603867,0.9147589063489487,0.9098421650205216,0.9140342867747311,0.47471510370572406,9.375e-06,0.7147449506716267,0.5561113734161227,0.35
139,0.5807194272491419,0.987933246888847,0.7939510935934905,0.7104378649007494,0.6609142946305676,0.5885425666782343,0.8931092976413427,0.9213208169444318,0.9034782604456962,0.81024490617146,0.5649815574288368,0.9866321335236231,0.8141250014305115,0.7324652473131815,0.69766133526961,0.624660462141037,0.9185861779532244,0.9106690931572944,0.9175545701837734,0.7455209245284399,9.375e-06,0.7188607587449218,0.5611105612853254,0.35
140,0.590914630165724,0.987740045395967,0.7873606163764668,0.7114164584150938,0.6583773315509903,0.5857374414662334,0.9010723442318926,0.9296757367975778,0.9066245717642428,0.7729516853795988,0.5715678582588831,0.9865394085645676,0.8213671992222468,0.725018153587977,0.6963804215192795,0.6237797339757284,0.9148708815719564,0.9097614347071303,0.9141848911578156,0.6540893614292145,9.375e-06,0.7142340619497558,0.555493065116667,0.35
141,0.5751033522815348,0.9880194886822566,0.7951920918215101,0.7110426570767554,0.6634979947148082,0.5914942875643757,0.8956271322250859,0.9417284745930297,0.9014583927006837,0.7993941407337367,0.565594919025898,0.9865997831026713,0.8094389090935389,0.7400539467732111,0.7014640221993128,0.6278492162624995,0.9157055983925865,0.9074841297638004,0.9171229634313364,0.6625347137451172,9.375e-06,0.7207388577813042,0.5634024469246759,0.35
142,0.5829320555535432,0.9877977861422245,0.7890986209717866,0.7097189498838977,0.6587499758907568,0.5864957389987517,0.8951632658596728,0.9235230483719343,0.9030201541480011,0.7509124150900083,0.574493370950222,0.9864000678062439,0.8157951086759567,0.7299678375323614,0.6968700339396795,0.6238015641768774,0.9102623481073412,0.9063355715748153,0.9109202166442919,0.7497523029645284,9.375e-06,0.7113772989220497,0.5520446739975613,0.35
143,0.5881623168972051,0.9877935703669753,0.7865312600804266,0.7136864210957679,0.6600576472059588,0.5875144517310312,0.8971436561039,0.9355905358599891,0.9015855234665522,0.7505195848295622,0.5670208310087522,0.9866004288196564,0.8151368300120035,0.7324302742878596,0.6987160046895345,0.6254127820332845,0.9217065451420057,0.9133941128653875,0.9189372365129144,0.6576068451007208,9.375e-06,0.716857518542873,0.5586733577156534,0.35
144,0.5771742006328618,0.9880036544576983,0.7898286909700554,0.7096796202882428,0.6553431807834411,0.5832658053558564,0.8979827923512891,0.9243607645643311,0.9059696590677767,0.6982759805483238,0.5677311569452286,0.9865778932968775,0.8142307351032892,0.7339600721995035,0.6996188710133234,0.626110260685285,0.9169824348427212,0.9093735808325204,0.9171436596316873,0.8236793826023737,9.375e-06,0.7171862236049689,0.5590727483616389,0.35
145,0.5773439930978223,0.9879389215852613,0.7929680882213271,0.7109315361932059,0.6602863610904908,0.5883753068536242,0.9008653526533116,0.9409234513539729,0.9064888339403194,0.7408965959727207,0.5650370741883913,0.9866982450087866,0.8192684650421143,0.7277206033468246,0.696542277932167,0.6235371530056,0.9193421541672846,0.9133875756655275,0.9170149636530723,0.4874456226825714,9.375e-06,0.7185315459942343,0.5607095077124511,0.35
146,0.5817201477344905,0.9878707500261681,0.7977945682044342,0.7106574077472508,0.6622023253797371,0.5900647556670359,0.8917856592663173,0.9280696072024982,0.8965045288083385,0.7093171533023086,0.5643227150042852,0.9866939584414164,0.8136978844801585,0.7327402681112289,0.696556568145752,0.6233326494693756,0.9140120189301143,0.9079403269730194,0.9131451811532223,0.49022651712099713,9.375e-06,0.7204728029486744,0.5630773653028828,0.35
147,0.5796655441556021,0.9879507311036654,0.7911625894430642,0.708028436264145,0.6590213792346348,0.5868942486905606,0.8984303597859327,0.9375457378587447,0.9042024322578444,0.7633097522726683,0.5699212203423182,0.9864898175001144,0.8083562801281611,0.7341395169496536,0.6934040536483129,0.6201524883508682,0.9161548997156546,0.9087583411921182,0.9153403126764057,0.7469475269317627,9.375e-06,0.7170996072352064,0.5589674859247242,0.35
148,0.5756086088786615,0.9880109496205767,0.7834884730454917,0.7145144304382467,0.6575177598779447,0.5848364231185378,0.8952088391439186,0.9284134089496734,0.9028943763442574,0.7634200141808697,0.569095104932785,0.986634741226832,0.8166750768820444,0.7246975104014078,0.6914504518111547,0.6187419046958288,0.9163888779680329,0.911575394660263,0.9155244926628271,0.6601518293221792,4.6875e-06,0.7164733844446884,0.5582068776463097,0.35
149,0.5767034303362124,0.9880829174941945,0.7971329020562573,0.7043833571059681,0.6584528342028645,0.5869974616532013,0.8864303844054354,0.9074472773070252,0.8945461739985253,0.8004750876783211,0.5759489585955938,0.986400380730629,0.8187235593795776,0.7254491249720255,0.6937982986370722,0.6210901935895284,0.9159690032709878,0.9102437820152159,0.913266692903775,0.5699213892221451,4.6875e-06,0.7111609531258907,0.5517841462447091,0.35
150,0.5845382288794652,0.9879309557308661,0.7793375053138376,0.7115776711535231,0.650323680628126,0.5782027659572173,0.9011893094132623,0.9323241460986117,0.9047066491302209,0.7519522626823354,0.5806605642040571,0.9863362014293671,0.823217029372851,0.7186454435189565,0.690808450182279,0.618222251534462,0.9178450189056603,0.9140717995849461,0.9136935365938905,0.7473192314306895,4.6875e-06,0.70602419721857,0.5456239565696293,0.35
151,0.5791401311615917,0.9879245635505035,0.7899058544747183,0.7111891441256086,0.6579898556816244,0.5856361525638081,0.8978054257578888,0.9236115102248013,0.9067708748603959,0.7712573414651033,0.5685242141286532,0.9865776151418686,0.8156803349653879,0.7311673363049825,0.6969464421272278,0.6241901566584905,0.9185642341281334,0.912144292217789,0.9137707255098858,0.5727697362502416,4.6875e-06,0.7174635019183373,0.5594098125019032,0.35
152,0.588402498548276,0.9878600211901085,0.7878474208796136,0.7082966482527903,0.6545594178627585,0.5829583384166254,0.8942187167228105,0.9359360405583752,0.9001495061366303,0.717861164953107,0.5675833274920782,0.9866348505020142,0.8181449969609579,0.7285359849532446,0.6966320226589838,0.6238790651162466,0.9118410729139027,0.907221110277383,0.9118066308080216,0.49413444101810455,4.6875e-06,0.717010106111854,0.5588587326586852,0.35
153,0.5798579955769476,0.9879058348798306,0.7909723147053584,0.7096744098952997,0.6594020813425011,0.5875132863766679,0.8948004755734156,0.9216274279163924,0.9029270060230862,0.7809927886891588,0.5678971732656161,0.9865751067797343,0.8113991618156433,0.7329133947690328,0.6956085562705994,0.6224313875039419,0.9211564358703864,0.9127459718852079,0.9183275740020275,0.5772995998462042,4.6875e-06,0.7177832085462522,0.559798634155164,0.35
154,0.5816169960476528,0.9879977909204002,0.792201126290259,0.7115899246429729,0.6628167403635578,0.5904615217837218,0.8984178229831782,0.9176822273540707,0.9064715682252581,0.6989835628839297,0.5668903465072314,0.9866156429052353,0.8119078477223715,0.7331119974454244,0.6963637322187424,0.622999832034111,0.9231387886676661,0.9132499572165417,0.9222948674999091,0.7464838027954102,4.6875e-06,0.7172876228033813,0.5591959940165195,0.35
155,0.5829716600547327,0.9878951740042071,0.7792086902065812,0.7122786245613455,0.653544698641679,0.5812415692293755,0.8948884888939916,0.9125167080781055,0.9053574564301469,0.7156117569620364,0.5659334436058998,0.9866221994161606,0.812911277016004,0.7344402273495992,0.698752706249555,0.6255842645963033,0.917751677737875,0.909069600035194,0.9173761527434134,0.6624316622813543,4.6875e-06,0.7193874154188474,0.561752573792257,0.35
156,0.5762054872847049,0.9880324663402879,0.7947847859881748,0.7089254995372808,0.66016784839541,0.5883559949487169,0.8928814050903032,0.9135371786406968,0.9012584775317238,0.7163126775037463,0.572273463010788,0.9865320126215616,0.8214818487564722,0.7229495992263159,0.6924696415662766,0.6204763054847717,0.9129657892086946,0.9096600328997816,0.9132781791381642,0.7455751150846481,4.6875e-06,0.7131363146711556,0.5541661660063896,0.35
157,0.5840384283355463,0.987936565252108,0.7914073595376773,0.7099577517152946,0.6590737076563256,0.5867271699080957,0.8881500935854727,0.9022416254755699,0.8960148223895109,0.7447895190426123,0.5677993074059486,0.9866083562374115,0.8130533744891485,0.731117328008016,0.695129523674647,0.6220796083410581,0.9173209833254473,0.9104970803880721,0.9134621965655386,0.48899772266546887,4.6875e-06,0.7170009490131398,0.5588476066775037,0.35
158,0.5819830571379617,0.9878373881366765,0.7868727111370764,0.7106961223566644,0.6575088058119622,0.5854705781023078,0.8885062760079644,0.9110952543907334,0.8981601478253792,0.745098043267972,0.5669654210408529,0.986587792634964,0.8133002469937006,0.7336888959010442,0.6983251919349035,0.6252074788014094,0.9150423375599308,0.9079053172918937,0.9134621965655386,0.4983857224384944,4.6875e-06,0.7176122791267406,0.5595907286436319,0.35
159,0.5773252602492538,0.9879804287001351,0.7878419996422028,0.7137496025762825,0.6593292795609091,0.5870046710299555,0.8907293900044522,0.9128485557215494,0.9009259189204782,0.7516928504560595,0.5632136662801107,0.986648345987002,0.8093493630488714,0.739582359790802,0.7009663730859756,0.6276753147443136,0.9194625855737563,0.9086600762013973,0.918091826267207,0.662858838836352,4.6875e-06,0.7222697890538521,0.5652756605945636,0.35
160,0.5761362052409449,0.9880186369485944,0.7917649216741045,0.709723565623025,0.6559587405106732,0.5843325839421459,0.8895164132746327,0.9285629774291764,0.8968955591249471,0.7990373774109599,0.5650428434213003,0.9866548975308737,0.8138987819353739,0.7337957868973414,0.6985698242982229,0.6255424345533053,0.9177692934886279,0.9119113056023855,0.91594451159561,0.5803751150767008,4.6875e-06,0.7194132801675815,0.5617841174099454,0.35
161,0.5828506058064576,0.9879796170742712,0.7876955543723062,0.7121374445540882,0.6581147444025378,0.5855922657195652,0.8938746652019868,0.9303253286935315,0.9023851328819851,0.8086305862275239,0.5695695579051971,0.986526424686114,0.8150250613689423,0.7322643349568049,0.6975015501181284,0.6247299934426943,0.918950581839133,0.9102206899045355,0.9174833599444053,0.7391960670550665,4.6875e-06,0.7164795829303393,0.5582144026711093,0.35
162,0.5787751435119415,0.9879481552917266,0.7853365429093905,0.7125106231074467,0.6593261700924312,0.5869648579125092,0.898284833425961,0.9285741659392055,0.9068423284688649,0.7905679930036313,0.573265348871549,0.9864147504170736,0.8119416137536367,0.7316874563694,0.6941430519024531,0.6212297528982162,0.9173548916951774,0.9097305807562958,0.9155453754728651,0.6575874636570612,4.6875e-06,0.7136033190617035,0.5547303795448079,0.35
163,0.5815729841450664,0.9878851643232541,0.7927352825057841,0.7091997906426403,0.6615015351883718,0.5896664799373841,0.8923401052402037,0.9197713064747557,0.8982894694650556,0.6893436502073412,0.56964211165905,0.9865408390760422,0.8147421379884084,0.7317248036464056,0.6982832948366801,0.6247857213020325,0.9138229926657692,0.907107298817076,0.912241068270408,0.497024138768514,4.6875e-06,0.7142383683440874,0.5554982749209987,0.35
164,0.5878599274938352,0.9879071166582196,0.7860987671067782,0.7119705404076621,0.6584270819325313,0.5859921555095744,0.8979907613648449,0.9235009776615434,0.9059774605490869,0.7547124730092343,0.5733039602637291,0.9863874266544977,0.8105849027633667,0.7340138057867686,0.6957434415817261,0.6224672049283981,0.9148752817794286,0.9079935303310508,0.9155192652425411,0.7470154712597529,2.34375e-06,0.7129323534642172,0.5539198777807021,0.35
165,0.5801456250319971,0.9879823494180341,0.7849117879555604,0.7109556646547585,0.6552216547114826,0.5833585927976626,0.8979414351050137,0.9353765556876841,0.9030984581187705,0.6797051179074796,0.5724395836393038,0.9865230073531469,0.8195196390151978,0.7253716389338175,0.6948559234539667,0.6221377352873484,0.9187684823207137,0.913467983318678,0.9141848911578156,0.570719117919604,2.34375e-06,0.7122438160262123,0.5530890279468426,0.35
166,0.5799389375704471,0.9879716116691304,0.7956204678967734,0.7094161805705489,0.6636627411173883,0.5918550505259327,0.8950976165272252,0.9377202878800683,0.8988279640025284,0.7345033377130455,0.5685121590892473,0.9865585664908091,0.8101116369167963,0.7356137633323669,0.6973533282677332,0.624022309978803,0.9195245366857501,0.9110293934750424,0.92038464267903,0.7481265664100647,2.34375e-06,0.7165610878159376,0.5583133571951011,0.35
167,0.5785794018584991,0.9878804945500097,0.7903167705669581,0.711368536002168,0.6573377307330337,0.5848442658642742,0.8978033284505,0.9303592842564893,0.9046228010122863,0.8006344810824528,0.5683408230543137,0.9865628778934479,0.8150909344355265,0.7328547388315201,0.6985676685969034,0.6255268206199011,0.918609770244322,0.9107583416577792,0.9176924627958757,0.743550663193067,2.34375e-06,0.7169587507278341,0.5587963373234645,0.35
168,0.575829875524913,0.9880926820719353,0.791951887518446,0.7086143800031359,0.6591244969412545,0.5874647979981431,0.898715994010464,0.9294954918317794,0.9025164383501836,0.6588554621856904,0.5642874340216318,0.9866298586130142,0.8068199108044306,0.7396019498507181,0.6994303812583288,0.625608374675115,0.918196671445951,0.9086921361283943,0.917864854329575,0.5825633605321249,2.34375e-06,0.7204981680058822,0.5631083520086445,0.35
169,0.5836002319772667,0.9879247685459173,0.7896840689338256,0.7116593300739181,0.6577192124362304,0.5855029133435722,0.8931770222219367,0.9250276513083506,0.9013647837658768,0.7997137603358687,0.5704873303572336,0.9865414400895437,0.8145385831594467,0.7274085928996404,0.6922527253627777,0.619705488284429,0.916489836772211,0.9108762202224997,0.9141848911578156,0.5766075998544693,2.34375e-06,0.7152283631487683,0.5566968810909121,0.35
170,0.5842856968117651,0.9879327850921131,0.7854882049783368,0.7131579819126664,0.658776949499255,0.5864709025231477,0.9014520037533902,0.9330333531575464,0.9063944744570028,0.6989354764189676,0.5729023118813833,0.9864719410737356,0.8142119745413462,0.7292332500219345,0.6942597130934397,0.62105925877889,0.922401196204644,0.9149680063370401,0.9185501765069951,0.6609911223252615,2.34375e-06,0.7127615143500355,0.5537136453704802,0.35
171,0.5848927784745939,0.9878554344177246,0.7885126822462706,0.7127021200188967,0.6606836090578097,0.5878169547731631,0.8980234019879499,0.9208779179283113,0.9060066220190296,0.7805744415131685,0.5660170589884123,0.9866427232821783,0.8168570150931677,0.730877141157786,0.6984157413244247,0.6252066890398661,0.9101472625355363,0.9063579675287748,0.9130944628990618,0.5816204994916916,2.34375e-06,0.7164021227416635,0.5581203704326934,0.35
172,0.5768495940159415,0.9879814141264586,0.7882063377683408,0.7124105407812885,0.6597994203879455,0.5872317574848639,0.8969944419227616,0.9224049315232024,0.9064481421675955,0.743683486341316,0.5761686116456985,0.9864322245121002,0.8273702412843704,0.7202684382597605,0.6939808875322342,0.6216252272327741,0.9200215670005978,0.9141012704961783,0.916197641164216,0.5728519956270853,2.34375e-06,0.7093070092541613,0.54955517256251,0.35
173,0.5847418659201292,0.9879046734248367,0.7891718021063047,0.7100084774962095,0.6542902911934897,0.5824213579436329,0.8928074015774158,0.9278576433181557,0.8980295160938095,0.7516740627377947,0.567794586221377,0.9865578015645345,0.808819646636645,0.7363554686307907,0.6966306865215302,0.6234656274318695,0.9207719485573437,0.9106716595470393,0.9201288625222999,0.7453764577706655,2.34375e-06,0.7188572975128882,0.5611063436709455,0.35
174,0.5766265840730934,0.9879885872947836,0.786658073140082,0.709244614449617,0.6547490308217914,0.5831841620329384,0.8946665337058534,0.9270603712903551,0.9010205423167029,0.7268003620833994,0.5668614730238914,0.9865682323773702,0.809449091553688,0.7361557881037394,0.6973956326643626,0.6239219556252161,0.9163114182236556,0.9081713044814702,0.9169491028792174,0.6656132489442825,2.34375e-06,0.7177404904306584,0.5597466699015475,0.35
175,0.576684272456392,0.9880225658416748,0.7968703330120194,0.7086688397086669,0.6628255214646598,0.591337930654811,0.8986224175519063,0.9284179000121652,0.9043255760275086,0.7083506099531583,0.5764647821585337,0.9863929450511932,0.8153678675492605,0.7257081915934881,0.6921997517347336,0.6189639195799828,0.9160690001692595,0.9118417966882068,0.916543247160902,0.5815586000680923,2.34375e-06,0.709154339697841,0.5493719051836394,0.35
176,0.5796888813237163,0.9879719726393156,0.7864056168315566,0.7084518943991617,0.6558652442192363,0.5836513156645766,0.8960020309146962,0.9170118023770297,0.9033151044471112,0.7916787478411309,0.5707811266183853,0.9865116129318873,0.8109524697065353,0.7285508910814921,0.6908185879389445,0.617588497698307,0.9217490765280093,0.9141228324837699,0.9200691479211708,0.6650405824184418,2.34375e-06,0.7141429118982439,0.5553828014844755,0.35
177,0.5768077473774135,0.9879675290294897,0.7889574860858026,0.7137602684653808,0.6607681671592677,0.5883717823808439,0.8950001314075842,0.9204894052467959,0.9016877134226361,0.7536950005549137,0.5686685567100843,0.9865624407927195,0.8151475439469019,0.7305651505788168,0.6960543195406595,0.6233066990971565,0.9200466624845246,0.913818113590349,0.9161228756293557,0.5724382549524307,2.34375e-06,0.7170939830814391,0.5589606515403333,0.35
178,0.5730012460289714,0.9880099290999297,0.7927149511943353,0.7079047510557086,0.6576102841123243,0.5856368232553251,0.8902422587925408,0.9307245176872332,0.8958327009696327,0.7631099519328536,0.5778006687760353,0.9863407413164774,0.8156304409106573,0.7251683274904887,0.691188837091128,0.6184346154332161,0.9200466624845246,0.913818113590349,0.9161228756293557,0.5744672119617462,2.34375e-06,0.7089942897502226,0.5491798247843832,0.35
179,0.5843648977368792,0.9879059685724918,0.7893090916571216,0.7107962381059878,0.6581081271728623,0.5856005786178268,0.8972371814162183,0.9352448601814007,0.9040060139217452,0.7711356705594286,0.5683969631791115,0.9865929335355759,0.8130484720071157,0.7304121454556783,0.6946778446435928,0.6214776908357939,0.9234073711082283,0.9145130591756132,0.9228745314132881,0.6608949700991312,2.34375e-06,0.7167143220531006,0.5584994318647207,0.35
180,0.580991243090585,0.9879669313118836,0.7870910485214162,0.7120206901960284,0.6580506189961299,0.5857583147900127,0.8962298847584315,0.9120875853696178,0.9033155182501416,0.8184224300295393,0.5660024931033453,0.9866344730059305,0.8115951220194498,0.7323447316884995,0.6961170683304468,0.6225151071945826,0.9111900707215979,0.9059797692091247,0.9126069813885794,0.4981912722190221,1.171875e-06,0.7177315092249088,0.5597357451959509,0.35
181,0.5699865915507913,0.9880788900027765,0.7901856860267782,0.7090213421349213,0.6562534796300336,0.5844731514698991,0.8931561682615324,0.9264583251406436,0.9007558316461595,0.745433084318571,0.5729815488060316,0.98652483522892,0.817669520775477,0.7249375631411871,0.6924283901850382,0.6195487603545189,0.9159964882967649,0.9122951333058458,0.9158504188248063,0.6583513915538788,1.171875e-06,0.7120559449246124,0.5528624804152065,0.35
182,0.5792305079576011,0.987929930753797,0.7956138141801424,0.7110184509063435,0.6630938365080646,0.5907995174421328,0.8966982928388475,0.9364259477628641,0.9036870325480798,0.6892060971705714,0.5722235441207886,0.9865202754735947,0.8156449347734451,0.7267750153938929,0.6932952751715978,0.6201305290063223,0.9202249154115695,0.9141007478878436,0.9166178093866817,0.6603928605715433,1.171875e-06,0.7123599026789929,0.5532290460366014,0.35
183,0.5810276166857961,0.9879454881231361,0.7899058333067136,0.7112427214595759,0.6599423409065354,0.58757185406774,0.8893424398918001,0.9077886400667042,0.8991693056090116,0.7372352336054651,0.5740489438176155,0.986485630273819,0.81929183502992,0.723828544219335,0.6904575775067011,0.617815320690473,0.9190032314292583,0.9137564801861388,0.916197641164216,0.660756861170133,1.171875e-06,0.7117521641127188,0.5524963010109649,0.35
184,0.5803830102782384,0.9879441718074763,0.7837039995416303,0.7100042255125313,0.6528964485520514,0.5804595484911839,0.9021796562760472,0.9340223572417583,0.9071066980388859,0.7734097220073236,0.5620432098706564,0.9866789430379868,0.809428945183754,0.7396423319975535,0.7020447502533594,0.628268743554751,0.9125904389273739,0.9058846424954875,0.9163106849276729,0.6627453962961832,1.171875e-06,0.722440523208565,0.5654848453892132,0.35
185,0.5795586167651916,0.987941194917554,0.7836986256537036,0.7119239886230397,0.6565664271327937,0.5846652012562084,0.8922068347840216,0.9221009577450026,0.8990275300440863,0.7225304379641453,0.5728820984562238,0.9864375491937002,0.8124258319536845,0.7300148904323578,0.6935843427975973,0.6205232789119085,0.9167818802555733,0.911108803083538,0.9138819795646951,0.5797667155663172,1.171875e-06,0.713053907744418,0.5540666481958507,0.35
186,0.5782915117027604,0.9880330011109325,0.7935340972704308,0.7110329036400697,0.662240391022691,0.5896462834327021,0.8955159562610117,0.926243611203014,0.9041746245740289,0.7817423193254204,0.569902795056502,0.9864836782217026,0.8166384597619375,0.7319411387046179,0.6993056436379751,0.62641741335392,0.9169542147916534,0.910439377216882,0.9161228756293557,0.661122257510821,1.171875e-06,0.7163751560082265,0.5580876370239459,0.35
187,0.579713098356657,0.9879878959923147,0.7867935834643996,0.7098328799844902,0.6560947140243566,0.5839747235039684,0.8948228166862744,0.9153740321266395,0.9022748791345976,0.7718174741646954,0.5720789531866709,0.9864408175150553,0.8148036847511927,0.7303820103406906,0.6957700302203497,0.6231305400530497,0.9210241502398896,0.9126950498815511,0.9186438840544898,0.5693747252225876,1.171875e-06,0.7144739599731242,0.5557833429485132,0.35
188,0.5862758429808037,0.9879145015065915,0.7817751731827994,0.7112072572529873,0.6554810627598628,0.5835207271798749,0.8953893409700602,0.9146353451741177,0.9026461286258587,0.7252064252568182,0.5727294683456421,0.9864780108133951,0.8156573375066122,0.7265078375736872,0.6931076248486837,0.6198973258336385,0.9149915158960354,0.9105853956437916,0.9135347572252854,0.49736858904361725,1.171875e-06,0.7115942778354778,0.5523060520411108,0.35
189,0.579829418213568,0.9879744403830198,0.7855680467926454,0.707948441260329,0.6525180267396374,0.5802349916128354,0.8904704389574162,0.9152223607147865,0.8985376479917773,0.7540341504266329,0.5667239477237066,0.98664690554142,0.817007119456927,0.7290737877289454,0.6963922331730524,0.623683845003446,0.9223614771707386,0.9148665900963141,0.9187683782072504,0.5798289626836777,1.171875e-06,0.7176270903667217,0.5596087417132956,0.35
190,0.5726685833151095,0.9880914654687186,0.7950502762170596,0.7077571320756574,0.6604331820924706,0.5888411140887537,0.8999798936320818,0.9282387983840502,0.9043155944767303,0.7372149969929847,0.5718870535492897,0.9865336418151855,0.8177384386459986,0.7238292644421259,0.6912036836147308,0.6184803321957588,0.9176148306800972,0.9110568586399973,0.915787701328909,0.5752685616413752,1.171875e-06,0.7130648160180192,0.554079820719539,0.35
191,0.5808415869686091,0.9879257149785479,0.7963307109948631,0.7082315326851105,0.6599745118172369,0.5881088445676821,0.8953659238940923,0.9154493719842441,0.9032062081184733,0.773496094151078,0.5748594452937444,0.9864520082871119,0.8169795523087183,0.7240929653247198,0.691294918457667,0.6184886222084364,0.9177739351635882,0.9129598623594419,0.9140968009615476,0.658041387796402,1.171875e-06,0.71056129813012,0.5510624871892608,0.35
192,0.5814032977986558,0.9879580741730806,0.7807679677678045,0.7119805862970441,0.6529566779314915,0.58027303107431,0.8997928842653171,0.9322980566756341,0.904632505186179,0.7717259125174764,0.571443942685922,0.9865544885396957,0.8223598053057989,0.7237553695837656,0.695495585600535,0.6232318753997484,0.9165114033534083,0.9111940613619502,0.9162857313604841,0.5679929852485657,1.171875e-06,0.7140593947308349,0.5552817850259529,0.35
193,0.5766560789023605,0.9879506904388142,0.7957257049105991,0.7093371587378956,0.6610933843060075,0.5891652213078793,0.892384581808587,0.9229592517522123,0.899621449158501,0.8266978553522413,0.5739901885390282,0.9864342212677002,0.812880406777064,0.7298874656359354,0.6941895286242167,0.6206871122121811,0.9215926916352432,0.9132845027456825,0.918459849262903,0.49340717991193134,1.171875e-06,0.7123084574476467,0.5531669921790056,0.35
194,0.579814632083768,0.987941192689343,0.7895322592458992,0.7107320940383127,0.6593097701808003,0.587257444858551,0.8960554698488717,0.9235591214083225,0.9015930418803286,0.6986038801826049,0.5695707326134046,0.9865289529164633,0.8130565732717514,0.7298248112201691,0.6938645541667938,0.6207511325677236,0.9177680169360221,0.9112263485753133,0.9161228756293557,0.5768469174702963,1.171875e-06,0.7157681956741841,0.5573512455177964,0.35
195,0.5845577669477908,0.9879758430418567,0.7883980246347801,0.7103841622299123,0.6588129724297568,0.5861189961433411,0.8972513005572025,0.9265674025181462,0.9045499028544715,0.7921867448592854,0.5740308115879694,0.9864479104677836,0.815092459321022,0.7256604184707006,0.691221018632253,0.6184659724434217,0.9208518155404107,0.9141459291628902,0.9161228756293557,0.5732618272304535,1.171875e-06,0.7128396596088059,0.5538079734437292,0.35
196,0.5782128132392312,0.9880116292249377,0.7902201976731559,0.7115802920867349,0.6622210342750371,0.589200163834563,0.8974169604084447,0.9206366688259583,0.9044299624566638,0.8289454233980624,0.5755969732999802,0.9863799661397934,0.8139883379141489,0.7273555894692739,0.6921206514040629,0.6191472808519999,0.9182476490365046,0.9128355451113942,0.915775653289946,0.5772150556246439,5.859375e-07,0.7108563024016933,0.5514174282715055,0.35
197,0.5820189672652806,0.9879923830522555,0.7914691578562014,0.70915432511089,0.657574187093806,0.5859628645616157,0.8950942496676312,0.923487745720824,0.9045028615994114,0.7447549878993881,0.5748840173085531,0.9864333073298136,0.8171963940064112,0.7230110118786494,0.690052404999733,0.6173268233736356,0.9190743686735878,0.9134811983962613,0.9178764934926145,0.5756788750489553,5.859375e-07,0.7106965281310929,0.5512251720700719,0.35
198,0.5820821986020168,0.987960930182555,0.7888353996187727,0.7105296365568571,0.6593812581534698,0.5873061599575471,0.8973461543231005,0.9280573780912595,0.9074596217884499,0.8111218442426664,0.5725855951507887,0.9864474137624105,0.8135613004366556,0.7287237097819647,0.6927956740061442,0.6198852211236954,0.9174424959806183,0.9125077328733137,0.915775653289946,0.5741855949163437,5.859375e-07,0.7136097289248743,0.554738126500942,0.35
199,0.5746770623688385,0.9880100728195405,0.7893130378188374,0.7082270740348602,0.6582419178753256,0.5865536983882156,0.8990947646146319,0.9296574280396737,0.9037954139462125,0.7426306794736987,0.5692947755257288,0.9865129441022873,0.8106274008750916,0.7330323805411657,0.6949744820594788,0.621694803237915,0.9211564358703864,0.9127459718852079,0.9183275740020275,0.5713087618350983,5.859375e-07,0.7170012270686593,0.5588479445158454,0.35
200,0.5856331870934673,0.9879721068890295,0.7924685327806206,0.709402495455519,0.6577569898043838,0.5856928635980482,0.8977803014337732,0.9212739041754873,0.9017414950361572,0.771953632341367,0.5755800679326057,0.986422265569369,0.8197158724069595,0.7231863041718801,0.6932083368301392,0.6202988376220068,0.9182476490365046,0.9128355484458548,0.915775653289946,0.5766580651203791,5.859375e-07,0.7098584677564879,0.5502175149128462,0.35
